doc_type,company_name,filing_date,name,lei,title,cusip,identifiers_otherDesc,identifiers_value,balance,units,curCd,valUSD,pctVal,payoffProfile,assetCat,issuerConditional_desc,issuerConditional_issuerCat,invCountry,isRestrictedSec,fairValLevel,derivCat,counterpartyName,counterpartyLei,putOrCall,writtenOrPur,descRefInstrmnt_issuerName,descRefInstrmnt_issueTitle,descRefInstrmnt_otherDesc,descRefInstrmnt_otherValue,shareNo,exercisePrice,exercisePriceCurCd,expDt,delta,unrealizedAppr,isCashCollateral,isNonCashCollateral,isLoanByFund
NPORT-P,ADVANCED SERIES TRUST,2024-11-25,Wolfspeed Inc,549300OGU88P3AW3TO93,Wolfspeed Inc,977852102,N/A,N/A,3791.00000000,NS,USD,36772.70000000,0.000242356643,Long,EC,N/A,N/A,N/A,N/A,1,N/A,N/A,N/A,N/A,N/A,N/A,N/A,N/A,N/A,N/A,N/A,N/A,N/A,N/A,N/A,N,N,N/A
NPORT-P,ADVANCED SERIES TRUST,2024-11-25,Wolfspeed Inc,549300OGU88P3AW3TO93,Wolfspeed Inc,977852102,N/A,N/A,27513.00000000,NS,USD,266876.10000000,0.008542350078,Long,EC,N/A,N/A,N/A,N/A,1,N/A,N/A,N/A,N/A,N/A,N/A,N/A,N/A,N/A,N/A,N/A,N/A,N/A,N/A,N/A,N,N,N/A
NPORT-P,ADVANCED SERIES TRUST,2024-11-25,Wolfspeed Inc,549300OGU88P3AW3TO93,Wolfspeed Inc,977852102,N/A,N/A,55991.00000000,NS,USD,543112.70000000,0.003831880207,Long,EC,N/A,N/A,N/A,N/A,1,N/A,N/A,N/A,N/A,N/A,N/A,N/A,N/A,N/A,N/A,N/A,N/A,N/A,N/A,N/A,N,N,N/A
NPORT-P,AGF Investments Trust,2024-11-22,"Wolfspeed, Inc.",549300OGU88P3AW3TO93,"Wolfspeed, Inc.",977852102,N/A,N/A,-145046.00000000,NS,USD,-1406946.20000000,-0.34210917493,Short,EC,N/A,N/A,N/A,N/A,1,N/A,N/A,N/A,N/A,N/A,N/A,N/A,N/A,N/A,N/A,N/A,N/A,N/A,N/A,N/A,N,N,N
NPORT-P,AIM GROWTH SERIES (INVESCO GROWTH SERIES),2024-11-29,"Wolfspeed, Inc.",549300OGU88P3AW3TO93,"Wolfspeed, Inc., Conv.",225447AD3,N/A,N/A,4000000.00000000,PA,USD,2808000.00000000,0.366188886365,Long,DBT,N/A,N/A,N/A,N/A,2,N/A,N/A,N/A,N/A,N/A,N/A,N/A,N/A,N/A,N/A,N/A,N/A,N/A,N/A,N/A,N,N,N
NPORT-P,ALLIANZ VARIABLE INSURANCE PRODUCTS TRUST,2024-11-29,"Wolfspeed, Inc.",549300OGU88P3AW3TO93,WOLFSPEED INC,977852AD4,N/A,N/A,60000.00000000,PA,USD,22037.58000000,0.014613797639,Long,DBT,N/A,N/A,N/A,N/A,2,N/A,N/A,N/A,N/A,N/A,N/A,N/A,N/A,N/A,N/A,N/A,N/A,N/A,N/A,N/A,N,N,N
NPORT-P,ALLIANZ VARIABLE INSURANCE PRODUCTS TRUST,2024-11-29,"Wolfspeed, Inc.",549300OGU88P3AW3TO93,WOLFSPEED INC,977852102,N/A,N/A,3276.00000000,NS,USD,31777.20000000,0.004643185024,Long,EC,N/A,N/A,N/A,N/A,1,N/A,N/A,N/A,N/A,N/A,N/A,N/A,N/A,N/A,N/A,N/A,N/A,N/A,N/A,N/A,N,N,N
NPORT-P,ALLIANZ VARIABLE INSURANCE PRODUCTS TRUST,2024-11-29,"Wolfspeed, Inc.",549300OGU88P3AW3TO93,WOLFSPEED INC,977852102,N/A,N/A,42159.00000000,NS,USD,408942.30000000,0.082222752383,Long,EC,N/A,N/A,N/A,N/A,1,N/A,N/A,N/A,N/A,N/A,N/A,N/A,N/A,N/A,N/A,N/A,N/A,N/A,N/A,N/A,N,N,N
NPORT-P,ALLIANZ VARIABLE INSURANCE PRODUCTS TRUST,2024-11-29,"Wolfspeed, Inc.",549300OGU88P3AW3TO93,WOLFSPEED INC,977852102,N/A,N/A,1807.00000000,NS,USD,17527.90000000,0.002011156083,Long,EC,N/A,N/A,N/A,N/A,1,N/A,N/A,N/A,N/A,N/A,N/A,N/A,N/A,N/A,N/A,N/A,N/A,N/A,N/A,N/A,N,N,N
NPORT-P,ALLIANZ VARIABLE INSURANCE PRODUCTS TRUST,2024-11-29,"Wolfspeed, Inc.",549300OGU88P3AW3TO93,WOLFSPEED INC,977852AD4,N/A,N/A,336000.00000000,PA,USD,123410.45000000,0.008082524556,Long,DBT,N/A,N/A,N/A,N/A,2,N/A,N/A,N/A,N/A,N/A,N/A,N/A,N/A,N/A,N/A,N/A,N/A,N/A,N/A,N/A,N,N,N
NPORT-P,ALPS ETF Trust,2024-10-29,Wolfspeed Inc,549300OGU88P3AW3TO93,"Wolfspeed, Inc.",977852102,N/A,N/A,284975.00000000,NS,USD,2778506.25000000,1.352118933540,Long,EC,N/A,N/A,N/A,N/A,1,N/A,N/A,N/A,N/A,N/A,N/A,N/A,N/A,N/A,N/A,N/A,N/A,N/A,N/A,N/A,N,N,N/A
NPORT-P,AMERICAN CENTURY ETF TRUST,2024-10-28,Wolfspeed Inc,549300OGU88P3AW3TO93,Wolfspeed Inc,977852102,SEDOL,BMBVND9,83.0000000000,NS,USD,809.2500000000,0.0002042711,Long,EC,N/A,N/A,N/A,N/A,1,N/A,N/A,N/A,N/A,N/A,N/A,N/A,N/A,N/A,N/A,N/A,N/A,N/A,N/A,N/A,N,N,N
NPORT-P,AMERICAN FUNDS INSURANCE SERIES,2024-11-25,WOLFSPEED INC,549300OGU88P3AW3TO93,WOLFSPEED INC,977852102,CG Symbol,WOLF,418381.000000000000,NS,USD,4058295.700000000000,0.1278835379,Long,EC,N/A,N/A,N/A,N/A,1,N/A,N/A,N/A,N/A,N/A,N/A,N/A,N/A,N/A,N/A,N/A,N/A,N/A,N/A,N/A,N,N,N/A
NPORT-P,AMERICAN FUNDS INSURANCE SERIES,2024-11-25,WOLFSPEED INC,549300OGU88P3AW3TO93,WOLFSPEED INC,977852102,CG Symbol,WOLF,12732.000000000000,NS,USD,123500.400000000000,0.0063016335,Long,EC,N/A,N/A,N/A,N/A,1,N/A,N/A,N/A,N/A,N/A,N/A,N/A,N/A,N/A,N/A,N/A,N/A,N/A,N/A,N/A,N,N,N
NPORT-P,AMERICAN FUNDS INSURANCE SERIES,2024-11-25,WOLFSPEED INC,549300OGU88P3AW3TO93,WOLFSPEED INC,977852102,CG Symbol,WOLF,1555078.000000000000,NS,USD,15084256.600000000000,0.0330176199,Long,EC,N/A,N/A,N/A,N/A,1,N/A,N/A,N/A,N/A,N/A,N/A,N/A,N/A,N/A,N/A,N/A,N/A,N/A,N/A,N/A,N,N,N/A
NPORT-P,AMERICAN FUNDS INSURANCE SERIES,2024-11-25,WOLFSPEED INC,549300OGU88P3AW3TO93,WOLFSPEED INC,977852102,CG Symbol,WOLF,102210.000000000000,NS,USD,991437.000000000000,0.0265948574,Long,EC,N/A,N/A,N/A,N/A,1,N/A,N/A,N/A,N/A,N/A,N/A,N/A,N/A,N/A,N/A,N/A,N/A,N/A,N/A,N/A,N,N,N
NPORT-P,AQR Funds,2024-11-25,"Wolfspeed, Inc.",549300OGU88P3AW3TO93,"Wolfspeed, Inc.",977852102,Inhouse Asset ID,USAQ6T1,-607275.00000000,NS,USD,-5890567.50000000,-0.49072658246,Short,EC,N/A,N/A,N/A,N/A,1,N/A,N/A,N/A,N/A,N/A,N/A,N/A,N/A,N/A,N/A,N/A,N/A,N/A,N/A,N/A,N,N,N
NPORT-P,AQR Funds,2024-11-25,"Wolfspeed, Inc.",549300OGU88P3AW3TO93,"Wolfspeed, Inc.",977852102,Inhouse Asset ID,USAQ6T1,-914190.00000000,NS,USD,-8867643.00000000,-0.44957378972,Short,EC,N/A,N/A,N/A,N/A,1,N/A,N/A,N/A,N/A,N/A,N/A,N/A,N/A,N/A,N/A,N/A,N/A,N/A,N/A,N/A,N,N,N
NPORT-P,AQR Funds,2024-11-25,"Wolfspeed, Inc.",549300OGU88P3AW3TO93,"Wolfspeed, Inc.",977852102,Inhouse Asset ID,USAQ6T1,-154300.00000000,NS,USD,-1496710.00000000,-0.27221178079,Short,EC,N/A,N/A,N/A,N/A,1,N/A,N/A,N/A,N/A,N/A,N/A,N/A,N/A,N/A,N/A,N/A,N/A,N/A,N/A,N/A,N,N,N
NPORT-P,AQR Funds,2024-11-25,"Wolfspeed, Inc.",549300OGU88P3AW3TO93,"Wolfspeed, Inc.",977852102,Inhouse Asset ID,USAQ6T1,-62685.00000000,NS,USD,-608044.50000000,-0.27552468763,Short,EC,N/A,N/A,N/A,N/A,1,N/A,N/A,N/A,N/A,N/A,N/A,N/A,N/A,N/A,N/A,N/A,N/A,N/A,N/A,N/A,N,N,N
NPORT-P,AQR Funds,2024-11-25,"Wolfspeed, Inc.",549300OGU88P3AW3TO93,"Wolfspeed, Inc.",977852102,Inhouse Asset ID,USAQ6T1,-352712.00000000,NS,USD,-3421306.40000000,-0.47658133476,Short,EC,N/A,N/A,N/A,N/A,1,N/A,N/A,N/A,N/A,N/A,N/A,N/A,N/A,N/A,N/A,N/A,N/A,N/A,N/A,N/A,N,N,N
NPORT-P,AQR Funds,2024-11-25,"Wolfspeed, Inc.",549300OGU88P3AW3TO93,"Wolfspeed, Inc.",977852102,Inhouse Asset ID,USAQ6T1,-67308.00000000,NS,USD,-652887.60000000,-0.24785509413,Short,EC,N/A,N/A,N/A,N/A,1,N/A,N/A,N/A,N/A,N/A,N/A,N/A,N/A,N/A,N/A,N/A,N/A,N/A,N/A,N/A,N,N,N
NPORT-P,AQR Funds,2024-11-25,"Wolfspeed, Inc.",549300OGU88P3AW3TO93,"Wolfspeed, Inc.",977852102,Inhouse Asset ID,USAQ6T1,-365628.00000000,NS,USD,-3546591.60000000,-0.23883774401,Short,EC,N/A,N/A,N/A,N/A,1,N/A,N/A,N/A,N/A,N/A,N/A,N/A,N/A,N/A,N/A,N/A,N/A,N/A,N/A,N/A,N,N,N
NPORT-P,AQR Funds,2024-11-25,"Wolfspeed, Inc.",549300OGU88P3AW3TO93,"Wolfspeed, Inc.",977852102,Inhouse Asset ID,USAQ6T1,-8855.00000000,NS,USD,-85893.50000000,-0.19639050227,Short,EC,N/A,N/A,N/A,N/A,1,N/A,N/A,N/A,N/A,N/A,N/A,N/A,N/A,N/A,N/A,N/A,N/A,N/A,N/A,N/A,N,N,N
NPORT-P,ARTISAN PARTNERS FUNDS INC,2024-11-27,"Wolfspeed, Inc.",549300OGU88P3AW3TO93,"Wolfspeed, Inc.",977852102,N/A,N/A,2411403.00000000,NS,USD,23390609.10000000,0.492668327674,Long,EC,N/A,N/A,N/A,N/A,1,N/A,N/A,N/A,N/A,N/A,N/A,N/A,N/A,N/A,N/A,N/A,N/A,N/A,N/A,N/A,N,N,N
NPORT-P,AUGUSTAR VARIABLE INSURANCE PRODUCTS FUND INC,2024-11-26,Wolfspeed Inc.,549300OGU88P3AW3TO93,WOLFSPEED INC COMMON STOCK USD.00125,977852102,SEDOL,BMBVND9,772.0000000000,NS,USD,7488.4000000000,0.0092079366,Long,EC,N/A,N/A,N/A,N/A,1,N/A,N/A,N/A,N/A,N/A,N/A,N/A,N/A,N/A,N/A,N/A,N/A,N/A,N/A,N/A,N,N,N
NPORT-P,BANCROFT FUND LTD,2024-11-29,WOLFSPEED INC,549300OGU88P3AW3TO93,Wolfspeed Inc,977852AD4,SEDOL,BS54RG7,3125000.00000000,PA,USD,1178125.00000000,1.052795668212,Long,DBT,N/A,N/A,N/A,N/A,2,N/A,N/A,N/A,N/A,N/A,N/A,N/A,N/A,N/A,N/A,N/A,N/A,N/A,N/A,N/A,N,N,N
NPORT-P,BNY MELLON FUNDS TRUST,2024-10-24,WOLFSPEED INC,549300OGU88P3AW3TO93,WOLFSPEED INC,977852102,N/A,N/A,8060.00,NS,USD,78585.00,0.0063743439842,Long,EC,N/A,N/A,N/A,N/A,1,N/A,N/A,N/A,N/A,N/A,N/A,N/A,N/A,N/A,N/A,N/A,N/A,N/A,N/A,N/A,N,N,N/A
NPORT-P,BNY MELLON INVESTMENT PORTFOLIOS,2024-11-26,WOLFSPEED INC,549300OGU88P3AW3TO93,WOLFSPEED INC,977852102,N/A,N/A,54637.00,NS,USD,529978.90,0.0894997663188,Long,EC,N/A,N/A,N/A,N/A,1,N/A,N/A,N/A,N/A,N/A,N/A,N/A,N/A,N/A,N/A,N/A,N/A,N/A,N/A,N/A,N,N,N
NPORT-P,BNY MELLON INVESTMENT PORTFOLIOS,2024-11-26,WOLFSPEED INC,549300OGU88P3AW3TO93,WOLFSPEED INC,977852102,N/A,N/A,508.00,NS,USD,4927.60,0.0030606470711,Long,EC,N/A,N/A,N/A,N/A,1,N/A,N/A,N/A,N/A,N/A,N/A,N/A,N/A,N/A,N/A,N/A,N/A,N/A,N/A,N/A,N,N,N/A
NPORT-P,"BNY Mellon Investment Funds IV, Inc.",2024-10-24,WOLFSPEED INC,549300OGU88P3AW3TO93,WOLFSPEED INC,225447AD3,N/A,N/A,850000.00,PA,USD,615400.00,0.0755323046868,Long,DBT,N/A,N/A,N/A,N/A,2,N/A,N/A,N/A,N/A,N/A,N/A,N/A,N/A,N/A,N/A,N/A,N/A,N/A,N/A,N/A,N,N,N
NPORT-P,Blackstone Alternative Investment Funds,2024-11-21,Wolfspeed Inc,549300OGU88P3AW3TO93,Wolfspeed Inc,977852102,N/A,N/A,29100.00000000,NS,USD,282270.00000000,0.007689818300,Long,EC,N/A,N/A,N/A,N/A,1,N/A,N/A,N/A,N/A,N/A,N/A,N/A,N/A,N/A,N/A,N/A,N/A,N/A,N/A,N/A,N,N,N
NPORT-P,Bridge Builder Trust,2024-11-22,WOLFSPEED INC,549300OGU88P3AW3TO93,WOLFSPEED INC 0.00000000,977852102,N/A,N/A,5931.00000000,NS,USD,57530.70000000,0.000250083028,Long,EC,N/A,N/A,N/A,N/A,1,N/A,N/A,N/A,N/A,N/A,N/A,N/A,N/A,N/A,N/A,N/A,N/A,N/A,N/A,N/A,N,N,N
NPORT-P,Bridge Builder Trust,2024-11-22,WOLFSPEED INC,549300OGU88P3AW3TO93,WOLFSPEED INC 0.00000000,977852102,N/A,N/A,3590.00000000,NS,USD,34823.00000000,0.000403460049,Long,EC,N/A,N/A,N/A,N/A,1,N/A,N/A,N/A,N/A,N/A,N/A,N/A,N/A,N/A,N/A,N/A,N/A,N/A,N/A,N/A,N,N,N
NPORT-P,Brinker Capital Destinations Trust,2024-10-25,WOLFSPEED INC,549300OGU88P3AW3TO93,WOLFSPEED INC 0.00000000,977852102,N/A,N/A,1019.00000000,NS,USD,9935.25000000,0.001109117851,Long,EC,N/A,N/A,N/A,N/A,1,N/A,N/A,N/A,N/A,N/A,N/A,N/A,N/A,N/A,N/A,N/A,N/A,N/A,N/A,N/A,N,N,N
NPORT-P,CALVERT IMPACT FUND INC,2024-11-19,Wolfspeed Inc,549300OGU88P3AW3TO93,Wolfspeed Inc,977852102,N/A,N/A,70074.00000000,NS,USD,679717.80000000,0.427278541683,Long,EC,N/A,N/A,N/A,N/A,1,N/A,N/A,N/A,N/A,N/A,N/A,N/A,N/A,N/A,N/A,N/A,N/A,N/A,N/A,N/A,N,N,N
NPORT-P,CAPITAL WORLD GROWTH & INCOME FUND,2024-10-29,WOLFSPEED INC,549300OGU88P3AW3TO93,WOLFSPEED INC,977852102,CG Symbol,WOLF,766688.000000000000,NS,USD,7475208.000000000000,0.0058817609,Long,EC,N/A,N/A,N/A,N/A,1,N/A,N/A,N/A,N/A,N/A,N/A,N/A,N/A,N/A,N/A,N/A,N/A,N/A,N/A,N/A,N,N,N
NPORT-P,COLLEGE RETIREMENT EQUITIES FUND,2024-11-26,Wolfspeed Inc,549300OGU88P3AW3TO93,"Wolfspeed, Inc",977852102,N/A,N/A,62345.00000000,NS,USD,604746.50000000,0.002352792867,Long,EC,N/A,N/A,N/A,N/A,1,N/A,N/A,N/A,N/A,N/A,N/A,N/A,N/A,N/A,N/A,N/A,N/A,N/A,N/A,N/A,N,N,N/A
NPORT-P,COLLEGE RETIREMENT EQUITIES FUND,2024-11-26,Wolfspeed Inc,549300OGU88P3AW3TO93,"Wolfspeed, Inc",977852102,N/A,N/A,84747.00000000,NS,USD,822045.90000000,0.000630421141,Long,EC,N/A,N/A,N/A,N/A,1,N/A,N/A,N/A,N/A,N/A,N/A,N/A,N/A,N/A,N/A,N/A,N/A,N/A,N/A,N/A,N,N,N/A
NPORT-P,COLUMBIA FUNDS SERIES TRUST,2024-10-25,WOLFSPEED INC,549300OGU88P3AW3TO93,Wolfspeed Inc,977852102,Internal Id,977852102,117057.000000000000,NS,USD,1141305.750000000000,0.0428884018,Long,EC,N/A,N/A,N/A,N/A,1,N/A,N/A,N/A,N/A,N/A,N/A,N/A,N/A,N/A,N/A,N/A,N/A,N/A,N/A,N/A,N,N,N
NPORT-P,DBX ETF TRUST,2024-10-28,Wolfspeed Inc,549300OGU88P3AW3TO93,Wolfspeed Inc,977852102,N/A,N/A,371.00000000,NS,USD,3617.25000000,0.059172842138,Long,EC,N/A,N/A,N/A,N/A,1,N/A,N/A,N/A,N/A,N/A,N/A,N/A,N/A,N/A,N/A,N/A,N/A,N/A,N/A,N/A,N,N,N
NPORT-P,DELAWARE GROUP EQUITY FUNDS V,2024-10-28,WOLFSPEED INC,549300OGU88P3AW3TO93,Wolfspeed Inc,977852AB8,SEDOL,BN4BB62,670000.00000000,PA,USD,280730.00000000,0.030941311282,Long,DBT,N/A,N/A,N/A,N/A,2,N/A,N/A,N/A,N/A,N/A,N/A,N/A,N/A,N/A,N/A,N/A,N/A,N/A,N/A,N/A,N,N,N
NPORT-P,DELAWARE VIP TRUST,2024-11-25,WOLFSPEED INC,549300OGU88P3AW3TO93,Wolfspeed Inc,977852AB8,SEDOL,BN4BB62,29000.00000000,PA,USD,11542.00000000,0.028689786472,Long,DBT,N/A,N/A,N/A,N/A,2,N/A,N/A,N/A,N/A,N/A,N/A,N/A,N/A,N/A,N/A,N/A,N/A,N/A,N/A,N/A,N,N,N
NPORT-P,ELLSWORTH GROWTH & INCOME FUND LTD,2024-11-29,WOLFSPEED INC,549300OGU88P3AW3TO93,Wolfspeed Inc,225447AD3,SEDOL,BMV7N71,1900000.00000000,PA,USD,1333800.00000000,0.956663820569,Long,DBT,N/A,N/A,N/A,N/A,2,N/A,N/A,N/A,N/A,N/A,N/A,N/A,N/A,N/A,N/A,N/A,N/A,N/A,N/A,N/A,N,N,N
NPORT-P,"EMPOWER FUNDS, INC.",2024-11-25,Wolfspeed Inc.,549300OGU88P3AW3TO93,WOLF 1.875 12/01/29,977852AD4,N/A,N/A,1716000,NS,USD,638352,0.1004738883,Long,DBT,N/A,N/A,N/A,N/A,2,N/A,N/A,N/A,N/A,N/A,N/A,N/A,N/A,N/A,N/A,N/A,N/A,N/A,N/A,N/A,N,N,N
NPORT-P,"EMPOWER FUNDS, INC.",2024-11-25,Wolfspeed Inc.,549300OGU88P3AW3TO93,Wolfspeed Inc. COM,977852102,N/A,N/A,111402,NS,USD,1080599.38,0.0904141913,Long,EC,N/A,N/A,N/A,N/A,1,N/A,N/A,N/A,N/A,N/A,N/A,N/A,N/A,N/A,N/A,N/A,N/A,N/A,N/A,N/A,N,N,N/A
NPORT-P,EQ ADVISORS TRUST,2024-11-27,"Wolfspeed, Inc.",549300OGU88P3AW3TO93,"Wolfspeed, Inc.",977852AD4,N/A,N/A,324000.00000000,PA,USD,120528.00000000,0.257015151615,Long,DBT,N/A,N/A,N/A,N/A,2,N/A,N/A,N/A,N/A,N/A,N/A,N/A,N/A,N/A,N/A,N/A,N/A,N/A,N/A,N/A,N,N,N
NPORT-P,EQ ADVISORS TRUST,2024-11-27,"Wolfspeed, Inc.",549300OGU88P3AW3TO93,"Wolfspeed, Inc.",977852AB8,N/A,N/A,130000.00000000,PA,USD,51090.00000000,0.108944843488,Long,DBT,N/A,N/A,N/A,N/A,2,N/A,N/A,N/A,N/A,N/A,N/A,N/A,N/A,N/A,N/A,N/A,N/A,N/A,N/A,N/A,N,N,N
NPORT-P,EQ ADVISORS TRUST,2024-11-27,"Wolfspeed, Inc.",549300OGU88P3AW3TO93,"Wolfspeed, Inc.",225447AD3,N/A,N/A,100000.00000000,PA,USD,69700.00000000,0.148628999631,Long,DBT,N/A,N/A,N/A,N/A,2,N/A,N/A,N/A,N/A,N/A,N/A,N/A,N/A,N/A,N/A,N/A,N/A,N/A,N/A,N/A,N,N,N
NPORT-P,EQ ADVISORS TRUST,2024-11-27,"Wolfspeed, Inc.",549300OGU88P3AW3TO93,"Wolfspeed, Inc.",977852102,N/A,N/A,76030.00000000,NS,USD,737491.00000000,0.112427753773,Long,EC,N/A,N/A,N/A,N/A,1,N/A,N/A,N/A,N/A,N/A,N/A,N/A,N/A,N/A,N/A,N/A,N/A,N/A,N/A,N/A,N,N,N/A
NPORT-P,EQ ADVISORS TRUST,2024-11-27,"Wolfspeed, Inc.",549300OGU88P3AW3TO93,"Wolfspeed, Inc.",977852102,N/A,N/A,10208.00000000,NS,USD,99017.60000000,0.002506824735,Long,EC,N/A,N/A,N/A,N/A,1,N/A,N/A,N/A,N/A,N/A,N/A,N/A,N/A,N/A,N/A,N/A,N/A,N/A,N/A,N/A,N,N,N
NPORT-P,EQ ADVISORS TRUST,2024-11-27,"Wolfspeed, Inc.",549300OGU88P3AW3TO93,"Wolfspeed, Inc.",977852102,N/A,N/A,24367.00000000,NS,USD,236359.90000000,0.011272409290,Long,EC,N/A,N/A,N/A,N/A,1,N/A,N/A,N/A,N/A,N/A,N/A,N/A,N/A,N/A,N/A,N/A,N/A,N/A,N/A,N/A,N,N,N/A
NPORT-P,EQ ADVISORS TRUST,2024-11-27,"Wolfspeed, Inc.",549300OGU88P3AW3TO93,"Wolfspeed, Inc.",977852102,N/A,N/A,4319.00000000,NS,USD,41894.30000000,0.004727668082,Long,EC,N/A,N/A,N/A,N/A,1,N/A,N/A,N/A,N/A,N/A,N/A,N/A,N/A,N/A,N/A,N/A,N/A,N/A,N/A,N/A,N,N,N
NPORT-P,EQ ADVISORS TRUST,2024-11-27,"Wolfspeed, Inc.",549300OGU88P3AW3TO93,"Wolfspeed, Inc.",977852102,N/A,N/A,25574.00000000,NS,USD,248067.80000000,0.013443486176,Long,EC,N/A,N/A,N/A,N/A,1,N/A,N/A,N/A,N/A,N/A,N/A,N/A,N/A,N/A,N/A,N/A,N/A,N/A,N/A,N/A,N,N,N/A
NPORT-P,EQ ADVISORS TRUST,2024-11-27,"Wolfspeed, Inc.",549300OGU88P3AW3TO93,"Wolfspeed, Inc.",977852102,N/A,N/A,12511.00000000,NS,USD,121356.70000000,0.007139370468,Long,EC,N/A,N/A,N/A,N/A,1,N/A,N/A,N/A,N/A,N/A,N/A,N/A,N/A,N/A,N/A,N/A,N/A,N/A,N/A,N/A,N,N,N/A
NPORT-P,FIDELITY ADVISOR SERIES II,2024-11-25,WOLFSPEED INC,549300OGU88P3AW3TO93,WOLFSPEED INC CONV 1.875% 12/01/2029,977852AD4,N/A,N/A,51247000.00000000,PA,USD,19063884.00000000,0.134647737900,Long,DBT,N/A,N/A,N/A,N/A,2,N/A,N/A,N/A,N/A,N/A,N/A,N/A,N/A,N/A,N/A,N/A,N/A,N/A,N/A,N/A,N,N,N
NPORT-P,FIDELITY CONCORD STREET TRUST,2024-10-29,WOLFSPEED INC,549300OGU88P3AW3TO93,WOLFSPEED INC,977852102,N/A,N/A,759660.00000000,NS,USD,7406685.00000000,0.017680678896,Long,EC,N/A,N/A,N/A,N/A,1,N/A,N/A,N/A,N/A,N/A,N/A,N/A,N/A,N/A,N/A,N/A,N/A,N/A,N/A,N/A,N,N,N/A
NPORT-P,FIDELITY CONCORD STREET TRUST,2024-10-29,WOLFSPEED INC,549300OGU88P3AW3TO93,WOLFSPEED INC,977852102,N/A,N/A,169273.00000000,NS,USD,1650411.75000000,0.002247010185,Long,EC,N/A,N/A,N/A,N/A,1,N/A,N/A,N/A,N/A,N/A,N/A,N/A,N/A,N/A,N/A,N/A,N/A,N/A,N/A,N/A,N,N,N/A
NPORT-P,FIDELITY CONCORD STREET TRUST,2024-10-29,WOLFSPEED INC,549300OGU88P3AW3TO93,WOLFSPEED INC,977852102,N/A,N/A,226731.00000000,NS,USD,2210627.25000000,0.002240169759,Long,EC,N/A,N/A,N/A,N/A,1,N/A,N/A,N/A,N/A,N/A,N/A,N/A,N/A,N/A,N/A,N/A,N/A,N/A,N/A,N/A,N,N,N/A
NPORT-P,FIDELITY COVINGTON TRUST,2024-10-29,WOLFSPEED INC,549300OGU88P3AW3TO93,WOLFSPEED INC CONV 1.875% 12/01/2029,977852AD4,N/A,N/A,110000.00000000,PA,USD,41932.38000000,0.153605069819,Long,DBT,N/A,N/A,N/A,N/A,2,N/A,N/A,N/A,N/A,N/A,N/A,N/A,N/A,N/A,N/A,N/A,N/A,N/A,N/A,N/A,N,N,N
NPORT-P,FIDELITY FINANCIAL TRUST,2024-10-29,WOLFSPEED INC,549300OGU88P3AW3TO93,WOLFSPEED INC CONV 1.875% 12/01/2029,977852AD4,N/A,N/A,31275000.00000000,PA,USD,11922136.65000000,0.677074200555,Long,DBT,N/A,N/A,N/A,N/A,2,N/A,N/A,N/A,N/A,N/A,N/A,N/A,N/A,N/A,N/A,N/A,N/A,N/A,N/A,N/A,N,N,N
NPORT-P,FIDELITY FINANCIAL TRUST,2024-10-29,WOLFSPEED INC,549300OGU88P3AW3TO93,WOLFSPEED INC CONV 1.75% 05/01/2026,225447AD3,N/A,N/A,2078000.00000000,PA,USD,1494082.00000000,0.084850929444,Long,DBT,N/A,N/A,N/A,N/A,2,N/A,N/A,N/A,N/A,N/A,N/A,N/A,N/A,N/A,N/A,N/A,N/A,N/A,N/A,N/A,N,N,N
NPORT-P,FIDELITY INCOME FUND /MA/,2024-10-29,WOLFSPEED INC,549300OGU88P3AW3TO93,WOLFSPEED INC CONV 1.875% 12/01/2029,977852AD4,N/A,N/A,1381000.00000000,PA,USD,526441.91000000,0.009707726999,Long,DBT,N/A,N/A,N/A,N/A,2,N/A,N/A,N/A,N/A,N/A,N/A,N/A,N/A,N/A,N/A,N/A,N/A,N/A,N/A,N/A,N,N,N
NPORT-P,FIDELITY INCOME FUND /MA/,2024-10-29,WOLFSPEED INC,549300OGU88P3AW3TO93,WOLFSPEED INC CONV 1.875% 12/01/2029,977852AD4,N/A,N/A,9366000.00000000,PA,USD,3570351.14000000,0.009061387377,Long,DBT,N/A,N/A,N/A,N/A,2,N/A,N/A,N/A,N/A,N/A,N/A,N/A,N/A,N/A,N/A,N/A,N/A,N/A,N/A,N/A,N,N,N
NPORT-P,FIDELITY MT VERNON STREET TRUST,2024-10-29,WOLFSPEED INC,549300OGU88P3AW3TO93,WOLFSPEED INC,977852102,N/A,N/A,360805.00000000,NS,USD,3517848.75000000,0.005407787930,Long,EC,N/A,N/A,N/A,N/A,1,N/A,N/A,N/A,N/A,N/A,N/A,N/A,N/A,N/A,N/A,N/A,N/A,N/A,N/A,N/A,N,N,N/A
NPORT-P,FIDELITY MT VERNON STREET TRUST,2024-10-29,WOLFSPEED INC,549300OGU88P3AW3TO93,WOLFSPEED INC,977852102,N/A,N/A,67029.00000000,NS,USD,653532.75000000,0.003819926457,Long,EC,N/A,N/A,N/A,N/A,1,N/A,N/A,N/A,N/A,N/A,N/A,N/A,N/A,N/A,N/A,N/A,N/A,N/A,N/A,N/A,N,N,N/A
NPORT-P,FIDELITY MT VERNON STREET TRUST,2024-10-29,WOLFSPEED INC,549300OGU88P3AW3TO93,WOLFSPEED INC,977852102,N/A,N/A,133129.00000000,NS,USD,1298007.75000000,0.006313504845,Long,EC,N/A,N/A,N/A,N/A,1,N/A,N/A,N/A,N/A,N/A,N/A,N/A,N/A,N/A,N/A,N/A,N/A,N/A,N/A,N/A,N,N,N/A
NPORT-P,FIDELITY SALEM STREET TRUST,2024-10-29,WOLFSPEED INC,549300OGU88P3AW3TO93,WOLFSPEED INC CONV 1.875% 12/01/2029,977852AD4,N/A,N/A,28000.00000000,PA,USD,10673.70000000,0.012976341121,Long,DBT,N/A,N/A,N/A,N/A,2,N/A,N/A,N/A,N/A,N/A,N/A,N/A,N/A,N/A,N/A,N/A,N/A,N/A,N/A,N/A,N,N,N
NPORT-P,FIDELITY SALEM STREET TRUST,2024-10-29,WOLFSPEED INC,549300OGU88P3AW3TO93,WOLFSPEED INC CONV 1.875% 12/01/2029,977852AD4,N/A,N/A,12306000.00000000,PA,USD,4691089.16000000,0.086584419169,Long,DBT,N/A,N/A,N/A,N/A,2,N/A,N/A,N/A,N/A,N/A,N/A,N/A,N/A,N/A,N/A,N/A,N/A,N/A,N/A,N/A,N,N,N
NPORT-P,FIDELITY SALEM STREET TRUST,2024-10-29,WOLFSPEED INC,549300OGU88P3AW3TO93,WOLFSPEED INC CONV 1.75% 05/01/2026,225447AD3,N/A,N/A,809000.00000000,PA,USD,581671.00000000,0.010736023973,Long,DBT,N/A,N/A,N/A,N/A,2,N/A,N/A,N/A,N/A,N/A,N/A,N/A,N/A,N/A,N/A,N/A,N/A,N/A,N/A,N/A,N,N,N
NPORT-P,FIDELITY SALEM STREET TRUST,2024-10-29,WOLFSPEED INC,549300OGU88P3AW3TO93,WOLFSPEED INC CONV 1.875% 12/01/2029,977852AD4,N/A,N/A,5079000.00000000,PA,USD,1936132.12000000,0.009713753555,Long,DBT,N/A,N/A,N/A,N/A,2,N/A,N/A,N/A,N/A,N/A,N/A,N/A,N/A,N/A,N/A,N/A,N/A,N/A,N/A,N/A,N,N,N
NPORT-P,FIDELITY SALEM STREET TRUST,2024-10-29,WOLFSPEED INC,549300OGU88P3AW3TO93,WOLFSPEED INC CONV 1.875% 12/01/2029,977852AD4,N/A,N/A,14000.00000000,PA,USD,5336.85000000,0.013675930860,Long,DBT,N/A,N/A,N/A,N/A,2,N/A,N/A,N/A,N/A,N/A,N/A,N/A,N/A,N/A,N/A,N/A,N/A,N/A,N/A,N/A,N,N,N
NPORT-P,FIDELITY SALEM STREET TRUST,2024-11-25,WOLFSPEED INC,549300OGU88P3AW3TO93,WOLFSPEED INC,977852102,N/A,N/A,12739.00000000,NS,USD,123568.30000000,0.013459162682,Long,EC,N/A,N/A,N/A,N/A,1,N/A,N/A,N/A,N/A,N/A,N/A,N/A,N/A,N/A,N/A,N/A,N/A,N/A,N/A,N/A,N,N,N/A
NPORT-P,FIDELITY SCHOOL STREET TRUST,2024-11-25,WOLFSPEED INC,549300OGU88P3AW3TO93,WOLFSPEED INC CONV 1.875% 12/01/2029,977852AD4,N/A,N/A,13970000.00000000,PA,USD,5196840.00000000,0.184927315748,Long,DBT,N/A,N/A,N/A,N/A,2,N/A,N/A,N/A,N/A,N/A,N/A,N/A,N/A,N/A,N/A,N/A,N/A,N/A,N/A,N/A,N,N,N
NPORT-P,FIDELITY SELECT PORTFOLIOS,2024-10-29,WOLFSPEED INC,549300OGU88P3AW3TO93,WOLFSPEED INC,977852102,N/A,N/A,55350.00000000,NS,USD,539662.50000000,0.096888674508,Long,EC,N/A,N/A,N/A,N/A,1,N/A,N/A,N/A,N/A,N/A,N/A,N/A,N/A,N/A,N/A,N/A,N/A,N/A,N/A,N/A,N,N,N/A
NPORT-P,FIDELITY SELECT PORTFOLIOS,2024-10-29,WOLFSPEED INC,549300OGU88P3AW3TO93,WOLFSPEED INC,977852102,N/A,N/A,418400.00000000,NS,USD,4079400.00000000,0.020691531799,Long,EC,N/A,N/A,N/A,N/A,1,N/A,N/A,N/A,N/A,N/A,N/A,N/A,N/A,N/A,N/A,N/A,N/A,N/A,N/A,N/A,N,N,N/A
NPORT-P,FIDELITY SUMMER STREET TRUST,2024-10-29,WOLFSPEED INC,549300OGU88P3AW3TO93,WOLFSPEED INC,977852102,N/A,N/A,9986.00000000,NS,USD,97363.50000000,0.277700827459,Long,EC,N/A,N/A,N/A,N/A,1,N/A,N/A,N/A,N/A,N/A,N/A,N/A,N/A,N/A,N/A,N/A,N/A,N/A,N/A,N/A,N,N,N
NPORT-P,FIRST TRUST EXCHANGE-TRADED FUND,2024-11-25,Wolfspeed Inc,549300OGU88P3AW3TO93,Wolfspeed Inc,977852102,N/A,N/A,440585.00000000,NS,USD,4273674.50000000,0.632409650697,Long,EC,N/A,N/A,N/A,N/A,1,N/A,N/A,N/A,N/A,N/A,N/A,N/A,N/A,N/A,N/A,N/A,N/A,N/A,N/A,N/A,N,N,N
NPORT-P,FIRST TRUST EXCHANGE-TRADED FUND II,2024-11-21,Wolfspeed Inc,549300OGU88P3AW3TO93,Wolfspeed Inc,977852102,N/A,N/A,7519.00000000,NS,USD,72934.30000000,0.207553239691,Long,EC,N/A,N/A,N/A,N/A,1,N/A,N/A,N/A,N/A,N/A,N/A,N/A,N/A,N/A,N/A,N/A,N/A,N/A,N/A,N/A,N,N,N
NPORT-P,FIRSTHAND FUNDS,2024-11-25,Wolfspeed Inc,549300OGU88P3AW3TO93,Wolfspeed Inc,977852102,N/A,N/A,10000.00000000,NS,USD,97000.00000000,0.928200277984,Long,EC,N/A,N/A,N/A,N/A,1,N/A,N/A,N/A,N/A,N/A,N/A,N/A,N/A,N/A,N/A,N/A,N/A,N/A,N/A,N/A,N,N,N
NPORT-P,FIRSTHAND FUNDS,2024-11-25,Wolfspeed Inc,549300OGU88P3AW3TO93,Wolfspeed Inc,977852102,N/A,N/A,170000.00000000,NS,USD,1649000.00000000,3.839917648469,Long,EC,N/A,N/A,N/A,N/A,1,N/A,N/A,N/A,N/A,N/A,N/A,N/A,N/A,N/A,N/A,N/A,N/A,N/A,N/A,N/A,N,N,N
NPORT-P,FRANK FUNDS,2024-11-22,"Wolfspeed, Inc.",549300OGU88P3AW3TO93,"Wolfspeed, Inc.",977852102,N/A,N/A,20000.00,NS,USD,194000.00,0.20,Long,EC,N/A,N/A,N/A,N/A,1,N/A,N/A,N/A,N/A,N/A,N/A,N/A,N/A,N/A,N/A,N/A,N/A,N/A,N/A,N/A,N,N,N
NPORT-P,Fidelity Central Investment Portfolios LLC,2024-10-29,WOLFSPEED INC,549300OGU88P3AW3TO93,WOLFSPEED INC CONV 1.875% 12/01/2029,977852AD4,N/A,N/A,2949000.00000000,PA,USD,1124168.86000000,0.081484251882,Long,DBT,N/A,N/A,N/A,N/A,2,N/A,N/A,N/A,N/A,N/A,N/A,N/A,N/A,N/A,N/A,N/A,N/A,N/A,N/A,N/A,N,N,N
NPORT-P,Fidelity Merrimack Street Trust,2024-10-29,WOLFSPEED INC,549300OGU88P3AW3TO93,WOLFSPEED INC CONV 1.875% 12/01/2029,977852AD4,N/A,N/A,7000.00000000,PA,USD,2668.42000000,0.022433496260,Long,DBT,N/A,N/A,N/A,N/A,2,N/A,N/A,N/A,N/A,N/A,N/A,N/A,N/A,N/A,N/A,N/A,N/A,N/A,N/A,N/A,N,N,N
NPORT-P,Fidelity Merrimack Street Trust,2024-10-29,WOLFSPEED INC,549300OGU88P3AW3TO93,WOLFSPEED INC CONV 1.875% 12/01/2029,977852AD4,N/A,N/A,15000.00000000,PA,USD,5718.05000000,0.023008927005,Long,DBT,N/A,N/A,N/A,N/A,2,N/A,N/A,N/A,N/A,N/A,N/A,N/A,N/A,N/A,N/A,N/A,N/A,N/A,N/A,N/A,N,N,N
NPORT-P,Fidelity Merrimack Street Trust,2024-10-29,WOLFSPEED INC,549300OGU88P3AW3TO93,WOLFSPEED INC CONV 1.875% 12/01/2029,977852AD4,N/A,N/A,3035000.00000000,PA,USD,1156952.35000000,0.010098741561,Long,DBT,N/A,N/A,N/A,N/A,2,N/A,N/A,N/A,N/A,N/A,N/A,N/A,N/A,N/A,N/A,N/A,N/A,N/A,N/A,N/A,N,N,N
NPORT-P,Fidelity Multi-Strategy Credit Fund,2024-11-25,WOLFSPEED INC,549300OGU88P3AW3TO93,WOLFSPEED INC CONV 1.875% 12/01/2029,977852AD4,N/A,N/A,113000.00000000,PA,USD,42036.00000000,0.105686004358,Long,DBT,N/A,N/A,N/A,N/A,2,N/A,N/A,N/A,N/A,N/A,N/A,N/A,N/A,N/A,N/A,N/A,N/A,N/A,N/A,N/A,N,N,N
NPORT-P,Fidelity Multi-Strategy Credit Fund,2024-11-25,WOLFSPEED INC,549300OGU88P3AW3TO93,WOLFSPEED INC CONV 0.25% 02/15/2028,977852AB8,N/A,N/A,28000.00000000,PA,USD,11004.00000000,0.027666019410,Long,DBT,N/A,N/A,N/A,N/A,2,N/A,N/A,N/A,N/A,N/A,N/A,N/A,N/A,N/A,N/A,N/A,N/A,N/A,N/A,N/A,N,N,N
NPORT-P,Fidelity Rutland Square Trust II,2024-10-29,WOLFSPEED INC,549300OGU88P3AW3TO93,WOLFSPEED INC CONV 1.875% 12/01/2029,977852AD4,N/A,N/A,753000.00000000,PA,USD,287046.17000000,0.021419372878,Long,DBT,N/A,N/A,N/A,N/A,2,N/A,N/A,N/A,N/A,N/A,N/A,N/A,N/A,N/A,N/A,N/A,N/A,N/A,N/A,N/A,N,N,N
NPORT-P,Fidelity Rutland Square Trust II,2024-10-29,WOLFSPEED INC,549300OGU88P3AW3TO93,WOLFSPEED INC,977852102,N/A,N/A,4300.00000000,NS,USD,41925.00000000,0.000054148306,Long,EC,N/A,N/A,N/A,N/A,1,N/A,N/A,N/A,N/A,N/A,N/A,N/A,N/A,N/A,N/A,N/A,N/A,N/A,N/A,N/A,N,N,N
NPORT-P,Franklin BSP Private Credit Fund,2024-11-26,WOLFSPEED INC,549300OGU88P3AW3TO93,Wolfspeed Inc,225447AD3,N/A,N/A,1000000.000000000000,PA,USD,705950.200000000000,0.6351123197,Long,DBT,N/A,N/A,N/A,N/A,2,N/A,N/A,N/A,N/A,N/A,N/A,N/A,N/A,N/A,N/A,N/A,N/A,N/A,N/A,N/A,N,N,N
NPORT-P,GABELLI CONVERTIBLE & INCOME SECURITIES FUND INC,2024-11-29,WOLFSPEED INC,549300OGU88P3AW3TO93,Wolfspeed Inc,977852AD4,SEDOL,BS54RG7,2100000.00000000,PA,USD,791700.00000000,1.071114723884,Long,DBT,N/A,N/A,N/A,N/A,2,N/A,N/A,N/A,N/A,N/A,N/A,N/A,N/A,N/A,N/A,N/A,N/A,N/A,N/A,N/A,N,N,N
NPORT-P,GROWTH FUND OF AMERICA,2024-10-29,WOLFSPEED INC,549300OGU88P3AW3TO93,WOLFSPEED INC,977852102,CG Symbol,WOLF,7158990.000000000000,NS,USD,69800152.500000000000,0.0245009982,Long,EC,N/A,N/A,N/A,N/A,1,N/A,N/A,N/A,N/A,N/A,N/A,N/A,N/A,N/A,N/A,N/A,N/A,N/A,N/A,N/A,N,N,N/A
NPORT-P,Goldman Sachs ETF Trust,2024-10-29,Wolfspeed Inc,549300OGU88P3AW3TO93,Wolfspeed Inc,977852102,N/A,N/A,2556.00000000,NS,USD,24921.00000000,0.004846763571,Long,EC,N/A,N/A,N/A,N/A,1,N/A,N/A,N/A,N/A,N/A,N/A,N/A,N/A,N/A,N/A,N/A,N/A,N/A,N/A,N/A,N,N,N
NPORT-P,Goldman Sachs ETF Trust,2024-10-29,Wolfspeed Inc,549300OGU88P3AW3TO93,Wolfspeed Inc,977852102,N/A,N/A,654.00000000,NS,USD,6376.50000000,0.050687341253,Long,EC,N/A,N/A,N/A,N/A,1,N/A,N/A,N/A,N/A,N/A,N/A,N/A,N/A,N/A,N/A,N/A,N/A,N/A,N/A,N/A,N,N,N
NPORT-P,GuideStone Funds,2024-11-22,Wolfspeed Inc.,549300OGU88P3AW3TO93,WOLF 1.75 05/01/26,225447AD3,N/A,N/A,2273000,PA,USD,1595646,0.1047937300,Long,DBT,N/A,N/A,N/A,N/A,2,N/A,N/A,N/A,N/A,N/A,N/A,N/A,N/A,N/A,N/A,N/A,N/A,N/A,N/A,N/A,N,N,N
NPORT-P,GuideStone Funds,2024-11-22,CFD_EQS FIN LEG WOLFSPEED,N/A,CFD_EQS GOLDUS33 BMBVND9,977852102,NT_ID,9L2CSCU,-34132,NC,USD,-331080.4,-0.1257726324,N/A,DE,N/A,N/A,N/A,N/A,2,N/A,N/A,N/A,N/A,N/A,N/A,N/A,N/A,N/A,N/A,N/A,N/A,N/A,N/A,N/A,N,N,N
NPORT-P,GuideStone Funds,2024-11-22,Wolfspeed Inc.,549300OGU88P3AW3TO93,Wolfspeed Inc. COM,977852102,N/A,N/A,737,NS,USD,7148.9,0.0037850990,Long,EC,N/A,N/A,N/A,N/A,1,N/A,N/A,N/A,N/A,N/A,N/A,N/A,N/A,N/A,N/A,N/A,N/A,N/A,N/A,N/A,N,N,N/A
NPORT-P,HC CAPITAL TRUST,2024-11-26,"Wolfspeed, Inc.",549300OGU88P3AW3TO93,WOLFSPEED INC,977852102,N/A,N/A,934.00000000,NS,USD,9059.80000000,0.000338430687,Long,EC,N/A,N/A,N/A,N/A,1,N/A,N/A,N/A,N/A,N/A,N/A,N/A,N/A,N/A,N/A,N/A,N/A,N/A,N/A,N/A,N,N,N
NPORT-P,HUSSMAN INVESTMENT TRUST,2024-11-27,Wolfspeed Inc.,549300OGU88P3AW3TO93,"Wolfspeed, Inc.",977852102,N/A,N/A,100000.00000000,NS,USD,970000.00000000,0.310982931614,Long,EC,N/A,N/A,N/A,N/A,1,N/A,N/A,N/A,N/A,N/A,N/A,N/A,N/A,N/A,N/A,N/A,N/A,N/A,N/A,N/A,N,N,N
NPORT-P,HUSSMAN INVESTMENT TRUST,2024-11-27,Wolfspeed Inc.,549300OGU88P3AW3TO93,"Wolfspeed, Inc.",977852102,N/A,N/A,5000.00000000,NS,USD,48500.00000000,0.176902785104,Long,EC,N/A,N/A,N/A,N/A,1,N/A,N/A,N/A,N/A,N/A,N/A,N/A,N/A,N/A,N/A,N/A,N/A,N/A,N/A,N/A,N,N,N
NPORT-P,Invesco Exchange-Traded Fund Trust II,2024-10-28,"Wolfspeed, Inc.",549300OGU88P3AW3TO93,"Wolfspeed, Inc.",977852102,N/A,N/A,56480.00000000,NS,USD,550680.00000000,0.107682507669,Long,EC,N/A,N/A,N/A,N/A,1,N/A,N/A,N/A,N/A,N/A,N/A,N/A,N/A,N/A,N/A,N/A,N/A,N/A,N/A,N/A,N,N,N/A
NPORT-P,Invesco Exchange-Traded Fund Trust II,2024-10-28,"Wolfspeed, Inc.",549300OGU88P3AW3TO93,"Wolfspeed, Inc.",977852102,N/A,N/A,15578.00000000,NS,USD,151885.50000000,0.024986748707,Long,EC,N/A,N/A,N/A,N/A,1,N/A,N/A,N/A,N/A,N/A,N/A,N/A,N/A,N/A,N/A,N/A,N/A,N/A,N/A,N/A,N,N,N/A
NPORT-P,Invesco Exchange-Traded Fund Trust II,2024-10-28,"Wolfspeed, Inc.",549300OGU88P3AW3TO93,"Wolfspeed, Inc.",977852102,N/A,N/A,12106.00000000,NS,USD,118033.50000000,0.013419866384,Long,EC,N/A,N/A,N/A,N/A,1,N/A,N/A,N/A,N/A,N/A,N/A,N/A,N/A,N/A,N/A,N/A,N/A,N/A,N/A,N/A,N,N,N/A
NPORT-P,Investment Managers Series Trust II,2024-11-27,WOLFSPEED INC,549300OGU88P3AW3TO93,WOLFSPEED INC,977852102,SEDOL,BMBVND9,5552.0000,NS,USD,53854.40,0.1061504507,Long,EC,N/A,N/A,N/A,N/A,1,N/A,N/A,N/A,N/A,N/A,N/A,N/A,N/A,N/A,N/A,N/A,N/A,N/A,N/A,N/A,N,N,N
NPORT-P,J.P. Morgan Exchange-Traded Fund Trust,2024-11-27,"Wolfspeed, Inc.",549300OGU88P3AW3TO93,"Wolfspeed, Inc.",977852102,N/A,N/A,25831.00000000,NS,USD,250560.70000000,0.018039710214,Long,EC,N/A,N/A,N/A,N/A,1,N/A,N/A,N/A,N/A,N/A,N/A,N/A,N/A,N/A,N/A,N/A,N/A,N/A,N/A,N/A,N,N,N/A
NPORT-P,JNL SERIES TRUST,2024-11-26,"Wolfspeed, Inc.",549300OGU88P3AW3TO93,"Wolfspeed, Inc.",977852102,INTERNAL,977852102,241750,NS,USD,2344975,0.0892420852,Long,EC,N/A,N/A,N/A,N/A,1,N/A,N/A,N/A,N/A,N/A,N/A,N/A,N/A,N/A,N/A,N/A,N/A,N/A,N/A,N/A,N,N,N/A
NPORT-P,JNL SERIES TRUST,2024-11-26,"Wolfspeed, Inc.",549300OGU88P3AW3TO93,"Wolfspeed, Inc.",977852102,INTERNAL,977852102,2728,NS,USD,26461.6,0.0018228408,Long,EC,N/A,N/A,N/A,N/A,1,N/A,N/A,N/A,N/A,N/A,N/A,N/A,N/A,N/A,N/A,N/A,N/A,N/A,N/A,N/A,N,N,N/A
NPORT-P,JNL SERIES TRUST,2024-11-26,"Wolfspeed, Inc.",549300OGU88P3AW3TO93,"Wolfspeed, Inc.",977852102,INTERNAL,977852102,7952,NS,USD,77134.4,0.0120452318,Long,EC,N/A,N/A,N/A,N/A,1,N/A,N/A,N/A,N/A,N/A,N/A,N/A,N/A,N/A,N/A,N/A,N/A,N/A,N/A,N/A,N,N,N
NPORT-P,JNL SERIES TRUST,2024-11-26,"Wolfspeed, Inc.",549300OGU88P3AW3TO93,"Wolfspeed, Inc.",977852AD4,INTERNAL,977852AD4,412000,PA,USD,151324.72,0.0095491779,Long,DBT,N/A,N/A,N/A,N/A,2,N/A,N/A,N/A,N/A,N/A,N/A,N/A,N/A,N/A,N/A,N/A,N/A,N/A,N/A,N/A,N,N,N
NPORT-P,JNL SERIES TRUST,2024-11-26,"Wolfspeed, Inc.",549300OGU88P3AW3TO93,"Wolfspeed, Inc.",977852102,INTERNAL,977852102,419757,NS,USD,4071642.9,0.0588822582,Long,EC,N/A,N/A,N/A,N/A,1,N/A,N/A,N/A,N/A,N/A,N/A,N/A,N/A,N/A,N/A,N/A,N/A,N/A,N/A,N/A,N,N,N/A
NPORT-P,JNL SERIES TRUST,2024-11-26,"Wolfspeed, Inc.",549300OGU88P3AW3TO93,"Wolfspeed, Inc.",977852102,INTERNAL,977852102,13353,NS,USD,129524.1,0.0024514421,Long,EC,N/A,N/A,N/A,N/A,1,N/A,N/A,N/A,N/A,N/A,N/A,N/A,N/A,N/A,N/A,N/A,N/A,N/A,N/A,N/A,N,N,N/A
NPORT-P,JNL SERIES TRUST,2024-11-26,"Wolfspeed, Inc.",549300OGU88P3AW3TO93,"Wolfspeed, Inc.",977852102,INTERNAL,977852102,14039,NS,USD,136178.3,0.0321635093,Long,EC,N/A,N/A,N/A,N/A,1,N/A,N/A,N/A,N/A,N/A,N/A,N/A,N/A,N/A,N/A,N/A,N/A,N/A,N/A,N/A,N,N,N/A
NPORT-P,JOHN HANCOCK INVESTMENT TRUST,2024-11-26,Wolfspeed Inc.,549300OGU88P3AW3TO93,WOLFSPEED INC COMMON STOCK USD.00125,977852102,N/A,N/A,28774,NS,USD,279107.8,0.0279589172,Long,EC,N/A,N/A,N/A,N/A,1,N/A,N/A,N/A,N/A,N/A,N/A,N/A,N/A,N/A,N/A,N/A,N/A,N/A,N/A,N/A,N,N,N/A
NPORT-P,JOHN HANCOCK VARIABLE INSURANCE TRUST,2024-11-26,Wolfspeed Inc.,549300OGU88P3AW3TO93,WOLFSPEED INC COMMON STOCK USD.00125,977852102,N/A,N/A,189354,NS,USD,1836733.8,0.2818119697,Long,EC,N/A,N/A,N/A,N/A,1,N/A,N/A,N/A,N/A,N/A,N/A,N/A,N/A,N/A,N/A,N/A,N/A,N/A,N/A,N/A,N,N,N/A
NPORT-P,JOHN HANCOCK VARIABLE INSURANCE TRUST,2024-11-26,Wolfspeed Inc.,549300OGU88P3AW3TO93,WOLFSPEED INC SR UNSECURED 02/28 0.25,977852AB8,N/A,N/A,978000,PA,USD,384354,0.0589718324,Long,DBT,N/A,N/A,N/A,N/A,2,N/A,N/A,N/A,N/A,N/A,N/A,N/A,N/A,N/A,N/A,N/A,N/A,N/A,N/A,N/A,N,N,N
NPORT-P,JOHN HANCOCK VARIABLE INSURANCE TRUST,2024-11-26,Wolfspeed Inc.,549300OGU88P3AW3TO93,WOLFSPEED INC SR UNSECURED 12/29 1.875,977852AD4,N/A,N/A,3436000,PA,USD,1278192,0.1961143227,Long,DBT,N/A,N/A,N/A,N/A,2,N/A,N/A,N/A,N/A,N/A,N/A,N/A,N/A,N/A,N/A,N/A,N/A,N/A,N/A,N/A,N,N,N
NPORT-P,JOHN HANCOCK VARIABLE INSURANCE TRUST,2024-11-26,Wolfspeed Inc.,549300OGU88P3AW3TO93,WOLFSPEED INC COMMON STOCK USD.00125,977852102,N/A,N/A,2162,NS,USD,20971.4,0.0020746665,Long,EC,N/A,N/A,N/A,N/A,1,N/A,N/A,N/A,N/A,N/A,N/A,N/A,N/A,N/A,N/A,N/A,N/A,N/A,N/A,N/A,N,N,N
NPORT-P,JPMorgan Trust I,2024-10-28,"Wolfspeed, Inc.",549300OGU88P3AW3TO93,"Wolfspeed, Inc.",977852AD4,N/A,N/A,375000.00000000,PA,USD,142951.28000000,0.004059379540,Long,DBT,N/A,N/A,N/A,N/A,2,N/A,N/A,N/A,N/A,N/A,N/A,N/A,N/A,N/A,N/A,N/A,N/A,N/A,N/A,N/A,N,N,N
NPORT-P,JPMorgan Trust I,2024-10-28,"Wolfspeed, Inc.",549300OGU88P3AW3TO93,"Wolfspeed, Inc.",977852AB8,N/A,N/A,1485000.00000000,PA,USD,614790.00000000,0.017458157405,Long,DBT,N/A,N/A,N/A,N/A,2,N/A,N/A,N/A,N/A,N/A,N/A,N/A,N/A,N/A,N/A,N/A,N/A,N/A,N/A,N/A,N,N,N
NPORT-P,JPMorgan Trust I,2024-10-28,"Wolfspeed, Inc.",549300OGU88P3AW3TO93,"Wolfspeed, Inc.",977852AD4,N/A,N/A,275000.00000000,PA,USD,104830.94000000,0.009606698677,Long,DBT,N/A,N/A,N/A,N/A,2,N/A,N/A,N/A,N/A,N/A,N/A,N/A,N/A,N/A,N/A,N/A,N/A,N/A,N/A,N/A,N,N,N
NPORT-P,JPMorgan Trust I,2024-10-28,"Wolfspeed, Inc.",549300OGU88P3AW3TO93,"Wolfspeed, Inc.",977852AB8,N/A,N/A,449000.00000000,PA,USD,185886.00000000,0.017034577677,Long,DBT,N/A,N/A,N/A,N/A,2,N/A,N/A,N/A,N/A,N/A,N/A,N/A,N/A,N/A,N/A,N/A,N/A,N/A,N/A,N/A,N,N,N
NPORT-P,John Hancock Funds II,2024-10-29,Wolfspeed Inc.,549300OGU88P3AW3TO93,WOLFSPEED INC SR UNSECURED 12/29 1.875,977852AD4,N/A,N/A,8093000,PA,USD,3085079.2,0.2059215518,Long,DBT,N/A,N/A,N/A,N/A,2,N/A,N/A,N/A,N/A,N/A,N/A,N/A,N/A,N/A,N/A,N/A,N/A,N/A,N/A,N/A,N,N,N
NPORT-P,John Hancock Funds II,2024-10-29,Wolfspeed Inc.,549300OGU88P3AW3TO93,WOLFSPEED INC COMMON STOCK USD.00125,977852102,N/A,N/A,298437,NS,USD,2909760.75,0.1942194706,Long,EC,N/A,N/A,N/A,N/A,1,N/A,N/A,N/A,N/A,N/A,N/A,N/A,N/A,N/A,N/A,N/A,N/A,N/A,N/A,N/A,N,N,N/A
NPORT-P,John Hancock Funds II,2024-10-29,Wolfspeed Inc.,549300OGU88P3AW3TO93,WOLFSPEED INC SR UNSECURED 02/28 0.25,977852AB8,N/A,N/A,2313000,PA,USD,957582,0.0639162753,Long,DBT,N/A,N/A,N/A,N/A,2,N/A,N/A,N/A,N/A,N/A,N/A,N/A,N/A,N/A,N/A,N/A,N/A,N/A,N/A,N/A,N,N,N
NPORT-P,LEGG MASON PARTNERS INVESTMENT TRUST,2024-10-23,Wolfspeed Inc,549300OGU88P3AW3TO93,Wolfspeed Inc,977852102,N/A,N/A,964374.00000000,NS,USD,9402646.50000000,0.217635603099,Long,EC,N/A,N/A,N/A,N/A,1,N/A,N/A,N/A,N/A,N/A,N/A,N/A,N/A,N/A,N/A,N/A,N/A,N/A,N/A,N/A,N,N,N
NPORT-P,LINCOLN VARIABLE INSURANCE PRODUCTS TRUST,2024-11-18,Wolfspeed Inc,549300OGU88P3AW3TO93,Wolfspeed Inc,977852102,N/A,N/A,43726.00000000,NS,USD,424142.20000000,0.052575982413,Long,EC,N/A,N/A,N/A,N/A,1,N/A,N/A,N/A,N/A,N/A,N/A,N/A,N/A,N/A,N/A,N/A,N/A,N/A,N/A,N/A,N,N,N
NPORT-P,LINCOLN VARIABLE INSURANCE PRODUCTS TRUST,2024-11-18,Wolfspeed Inc,549300OGU88P3AW3TO93,Wolfspeed Inc,977852102,N/A,N/A,1568.00000000,NS,USD,15209.60000000,0.001641104893,Long,EC,N/A,N/A,N/A,N/A,1,N/A,N/A,N/A,N/A,N/A,N/A,N/A,N/A,N/A,N/A,N/A,N/A,N/A,N/A,N/A,N,N,N
NPORT-P,LITMAN GREGORY FUNDS TRUST,2024-11-27,WOLFSPEED INC,549300OGU88P3AW3TO93,Wolfspeed Inc,977852AD4,N/A,N/A,95000.00000000,PA,USD,35815.00000000,0.008215625473,Long,DBT,N/A,N/A,N/A,N/A,2,N/A,N/A,N/A,N/A,N/A,N/A,N/A,N/A,N/A,N/A,N/A,N/A,N/A,N/A,N/A,N,N,N
NPORT-P,LITMAN GREGORY FUNDS TRUST,2024-11-27,WOLFSPEED INC,549300OGU88P3AW3TO93,Wolfspeed Inc,977852AB8,N/A,N/A,35000.00000000,PA,USD,13930.00000000,0.003195411499,Long,DBT,N/A,N/A,N/A,N/A,2,N/A,N/A,N/A,N/A,N/A,N/A,N/A,N/A,N/A,N/A,N/A,N/A,N/A,N/A,N/A,N,N,N
NPORT-P,LOOMIS SAYLES FUNDS I,2024-11-26,WOLFSPEED INC,549300OGU88P3AW3TO93,Wolfspeed Inc,977852AD4,N/A,N/A,1325000.00000000,PA,USD,492900.00000000,0.147512169710,Long,DBT,N/A,N/A,N/A,N/A,2,N/A,N/A,N/A,N/A,N/A,N/A,N/A,N/A,N/A,N/A,N/A,N/A,N/A,N/A,N/A,N,N,N
NPORT-P,LOOMIS SAYLES FUNDS I,2024-11-26,WOLFSPEED INC,549300OGU88P3AW3TO93,Wolfspeed Inc,977852AB8,N/A,N/A,110000.00000000,PA,USD,43230.00000000,0.012937616345,Long,DBT,N/A,N/A,N/A,N/A,2,N/A,N/A,N/A,N/A,N/A,N/A,N/A,N/A,N/A,N/A,N/A,N/A,N/A,N/A,N/A,N,N,N
NPORT-P,LOOMIS SAYLES FUNDS I,2024-11-26,WOLFSPEED INC,549300OGU88P3AW3TO93,Wolfspeed Inc,977852AD4,N/A,N/A,955000.00000000,PA,USD,355260.00000000,0.136344362657,Long,DBT,N/A,N/A,N/A,N/A,2,N/A,N/A,N/A,N/A,N/A,N/A,N/A,N/A,N/A,N/A,N/A,N/A,N/A,N/A,N/A,N,N,N
NPORT-P,LOOMIS SAYLES FUNDS I,2024-11-26,WOLFSPEED INC,549300OGU88P3AW3TO93,Wolfspeed Inc,977852AB8,N/A,N/A,65000.00000000,PA,USD,25545.00000000,0.009803852795,Long,DBT,N/A,N/A,N/A,N/A,2,N/A,N/A,N/A,N/A,N/A,N/A,N/A,N/A,N/A,N/A,N/A,N/A,N/A,N/A,N/A,N,N,N
NPORT-P,LOOMIS SAYLES FUNDS II,2024-11-26,WOLFSPEED INC,549300OGU88P3AW3TO93,Wolfspeed Inc,977852AD4,N/A,N/A,175000.00000000,PA,USD,65100.00000000,0.146869201051,Long,DBT,N/A,N/A,N/A,N/A,2,N/A,N/A,N/A,N/A,N/A,N/A,N/A,N/A,N/A,N/A,N/A,N/A,N/A,N/A,N/A,N,N,N
NPORT-P,LOOMIS SAYLES FUNDS II,2024-11-26,WOLFSPEED INC,549300OGU88P3AW3TO93,Wolfspeed Inc,977852AB8,N/A,N/A,20000.00000000,PA,USD,7860.00000000,0.017732594781,Long,DBT,N/A,N/A,N/A,N/A,2,N/A,N/A,N/A,N/A,N/A,N/A,N/A,N/A,N/A,N/A,N/A,N/A,N/A,N/A,N/A,N,N,N
NPORT-P,LOOMIS SAYLES FUNDS II,2024-11-26,WOLFSPEED INC,549300OGU88P3AW3TO93,Wolfspeed Inc,977852AD4,N/A,N/A,2350000.00000000,PA,USD,874200.00000000,0.029417609223,Long,DBT,N/A,N/A,N/A,N/A,2,N/A,N/A,N/A,N/A,N/A,N/A,N/A,N/A,N/A,N/A,N/A,N/A,N/A,N/A,N/A,N,N,N
NPORT-P,LOOMIS SAYLES FUNDS II,2024-11-26,WOLFSPEED INC,549300OGU88P3AW3TO93,Wolfspeed Inc,977852AB8,N/A,N/A,1215000.00000000,PA,USD,477495.00000000,0.016068132368,Long,DBT,N/A,N/A,N/A,N/A,2,N/A,N/A,N/A,N/A,N/A,N/A,N/A,N/A,N/A,N/A,N/A,N/A,N/A,N/A,N/A,N,N,N
NPORT-P,M FUND INC,2024-11-19,Wolfspeed Inc,549300OGU88P3AW3TO93,"Wolfspeed, Inc.",977852102,N/A,N/A,117147.00000000,NS,USD,1136325.90000000,0.459956543773,Long,EC,N/A,N/A,N/A,N/A,1,N/A,N/A,N/A,N/A,N/A,N/A,N/A,N/A,N/A,N/A,N/A,N/A,N/A,N/A,N/A,N,N,N/A
NPORT-P,MASSMUTUAL SELECT FUNDS,2024-11-27,WOLFSPEED INC,549300OGU88P3AW3TO93,COMMON STOCK USD.00125,977852102,SEDOL Number,BMBVND9,50837,NS,USD,493118.9,0.078895498026,Long,EC,N/A,N/A,N/A,N/A,1,N/A,N/A,N/A,N/A,N/A,N/A,N/A,N/A,N/A,N/A,N/A,N/A,N/A,N/A,N/A,N,N,N/A
NPORT-P,MASSMUTUAL SELECT FUNDS,2024-11-27,WOLFSPEED INC,549300OGU88P3AW3TO93,SR UNSECURED 02/28 0.25,977852AB8,SEDOL Number,BN4BB62,191000,PA,USD,75063,0.012009543273,Long,DBT,N/A,N/A,N/A,N/A,2,N/A,N/A,N/A,N/A,N/A,N/A,N/A,N/A,N/A,N/A,N/A,N/A,N/A,N/A,N/A,N,N,N
NPORT-P,MASSMUTUAL SELECT FUNDS,2024-11-27,WOLFSPEED INC,549300OGU88P3AW3TO93,SR UNSECURED 12/29 1.875,977852AD4,SEDOL Number,BS54RG7,980000,PA,USD,364560,0.058326993268,Long,DBT,N/A,N/A,N/A,N/A,2,N/A,N/A,N/A,N/A,N/A,N/A,N/A,N/A,N/A,N/A,N/A,N/A,N/A,N/A,N/A,N,N,N
NPORT-P,MASTER INVESTMENT PORTFOLIO,2024-11-26,Wolfspeed Inc,549300OGU88P3AW3TO93,Wolfspeed Inc,977852102,N/A,N/A,80018.00000000,NS,USD,776174.60000000,0.002191149100,Long,EC,N/A,N/A,N/A,N/A,1,N/A,N/A,N/A,N/A,N/A,N/A,N/A,N/A,N/A,N/A,N/A,N/A,N/A,N/A,N/A,N,N,N/A
NPORT-P,MASTER INVESTMENT PORTFOLIO,2024-11-26,Wolfspeed Inc,549300OGU88P3AW3TO93,Wolfspeed Inc,977852102,N/A,N/A,6724.00000000,NS,USD,65222.80000000,0.002665127591,Long,EC,N/A,N/A,N/A,N/A,1,N/A,N/A,N/A,N/A,N/A,N/A,N/A,N/A,N/A,N/A,N/A,N/A,N/A,N/A,N/A,N,N,N/A
NPORT-P,MORGAN STANLEY PATHWAY FUNDS,2024-10-29,WOLFSPEED INC,549300OGU88P3AW3TO93,WOLFSPEED INC 0.00000000,977852102,N/A,N/A,38542.00000000,NS,USD,375784.50000000,0.078534224240,Long,EC,N/A,N/A,N/A,N/A,1,N/A,N/A,N/A,N/A,N/A,N/A,N/A,N/A,N/A,N/A,N/A,N/A,N/A,N/A,N/A,N,N,N
NPORT-P,MORGAN STANLEY PATHWAY FUNDS,2024-10-29,WOLFSPEED INC,549300OGU88P3AW3TO93,WOLFSPEED INC 0.00000000,977852102,N/A,N/A,3902.00000000,NS,USD,38044.50000000,0.001437747463,Long,EC,N/A,N/A,N/A,N/A,1,N/A,N/A,N/A,N/A,N/A,N/A,N/A,N/A,N/A,N/A,N/A,N/A,N/A,N/A,N/A,N,N,N
NPORT-P,MoA Funds Corp,2024-11-26,WOLFSPEED INC,549300OGU88P3AW3TO93,WOLFSPEED INC 0.00000000,977852102,N/A,N/A,18928.00000000,NS,USD,183601.60000000,0.088515618619,Long,EC,N/A,N/A,N/A,N/A,1,N/A,N/A,N/A,N/A,N/A,N/A,N/A,N/A,N/A,N/A,N/A,N/A,N/A,N/A,N/A,N,N,N
NPORT-P,NEUBERGER BERMAN EQUITY FUNDS,2024-10-29,Wolfspeed Inc,549300OGU88P3AW3TO93,Wolfspeed Inc,977852102,N/A,N/A,666033.00000000,NS,USD,6493821.75000000,0.507115429158,Long,EC,N/A,N/A,N/A,N/A,1,N/A,N/A,N/A,N/A,N/A,N/A,N/A,N/A,N/A,N/A,N/A,N/A,N/A,N/A,N/A,N,N,N
NPORT-P,NEW COVENANT FUNDS,2024-11-26,"Wolfspeed, Inc.",549300OGU88P3AW3TO93,WOLFSPEED INC COMMON STOCK,977852102,N/A,N/A,248.00000000,NS,USD,2405.60000000,0.000429950224,Long,EC,N/A,OTHER,N/A,N/A,1,N/A,N/A,N/A,N/A,N/A,N/A,N/A,N/A,N/A,N/A,N/A,N/A,N/A,N/A,N/A,N,N,N
NPORT-P,NEW ECONOMY FUND,2024-10-29,WOLFSPEED INC,549300OGU88P3AW3TO93,WOLFSPEED INC,977852102,CG Symbol,WOLF,1737865.000000000000,NS,USD,16944183.750000000000,0.0479961760,Long,EC,N/A,N/A,N/A,N/A,1,N/A,N/A,N/A,N/A,N/A,N/A,N/A,N/A,N/A,N/A,N/A,N/A,N/A,N/A,N/A,N,N,N/A
NPORT-P,NEW PERSPECTIVE FUND,2024-11-25,WOLFSPEED INC,549300OGU88P3AW3TO93,WOLFSPEED INC,977852102,CG Symbol,WOLF,2255516.000000000000,NS,USD,21878505.200000000000,0.0149771197,Long,EC,N/A,N/A,N/A,N/A,1,N/A,N/A,N/A,N/A,N/A,N/A,N/A,N/A,N/A,N/A,N/A,N/A,N/A,N/A,N/A,N,N,N/A
NPORT-P,NORTHWESTERN MUTUAL SERIES FUND INC,2024-11-22,Wolfspeed Inc,549300OGU88P3AW3TO93,Wolfspeed Inc,977852102,N/A,N/A,44657.00000000,NS,USD,433172.90000000,0.089641443113,Long,EC,N/A,N/A,N/A,N/A,1,N/A,N/A,N/A,N/A,N/A,N/A,N/A,N/A,N/A,N/A,N/A,N/A,N/A,N/A,N/A,N,N,N
NPORT-P,Northern Lights Fund Trust IV,2024-10-29,Wolfspeed Inc.,549300OGU88P3AW3TO93,WOLFSPEED INC,977852102,N/A,N/A,15807.00000000,NS,USD,154118.25000000,0.079486813376,Long,EC,N/A,N/A,N/A,N/A,1,N/A,N/A,N/A,N/A,N/A,N/A,N/A,N/A,N/A,N/A,N/A,N/A,N/A,N/A,N/A,N,N,N
NPORT-P,Nuveen S&P 500 Dynamic Overwrite Fund,2024-11-26,Wolfspeed Inc,549300OGU88P3AW3TO93,Wolfspeed Inc,977852102,N/A,N/A,2647.00000000,NS,USD,25675.90000000,0.007894967666,Long,EC,N/A,N/A,N/A,N/A,1,N/A,N/A,N/A,N/A,N/A,N/A,N/A,N/A,N/A,N/A,N/A,N/A,N/A,N/A,N/A,N,N,N
NPORT-P,PACIFIC SELECT FUND,2024-11-25,Wolfspeed Inc,549300OGU88P3AW3TO93,Wolfspeed Inc,977852102,N/A,N/A,4086.00000000,NS,USD,39634.20000000,0.011487458298,Long,EC,N/A,N/A,N/A,N/A,1,N/A,N/A,N/A,N/A,N/A,N/A,N/A,N/A,N/A,N/A,N/A,N/A,N/A,N/A,N/A,N,N,N
NPORT-P,PACIFIC SELECT FUND,2024-11-25,Wolfspeed Inc,549300OGU88P3AW3TO93,Wolfspeed Inc,977852102,N/A,N/A,5650.00000000,NS,USD,54805.00000000,0.004616388258,Long,EC,N/A,N/A,N/A,N/A,1,N/A,N/A,N/A,N/A,N/A,N/A,N/A,N/A,N/A,N/A,N/A,N/A,N/A,N/A,N/A,N,N,N
NPORT-P,PIMCO Equity Series,2024-11-27,WOLFSPEED INC,549300OGU88P3AW3TO93,WOLFSPEED INC COMMON STOCK USD.00125,977852102,N/A,N/A,443.000000,NS,USD,4297.100000,0.0025602,Long,EC,N/A,N/A,N/A,N/A,1,N/A,N/A,N/A,N/A,N/A,N/A,N/A,N/A,N/A,N/A,N/A,N/A,N/A,N/A,N/A,N,N,N
NPORT-P,PRAXIS MUTUAL FUNDS,2024-11-29,Wolfspeed Inc.,549300OGU88P3AW3TO93,"Wolfspeed, Inc.",977852102,N/A,N/A,19930.00000000,NS,USD,193321.00000000,0.102790734644,Long,EC,N/A,N/A,N/A,N/A,1,N/A,N/A,N/A,N/A,N/A,N/A,N/A,N/A,N/A,N/A,N/A,N/A,N/A,N/A,N/A,N,N,N
NPORT-P,PROSHARES TRUST,2024-10-25,"Wolfspeed, Inc.",549300OGU88P3AW3TO93,"Wolfspeed, Inc.",977852102,N/A,N/A,837.00000000,NS,USD,8160.75000000,0.023727117230,Long,EC,N/A,N/A,N/A,N/A,1,N/A,N/A,N/A,N/A,N/A,N/A,N/A,N/A,N/A,N/A,N/A,N/A,N/A,N/A,N/A,N,N,N/A
NPORT-P,PROSHARES TRUST,2024-10-25,"Wolfspeed, Inc.",549300OGU88P3AW3TO93,"Wolfspeed, Inc.",977852102,N/A,N/A,14805.00000000,NS,USD,144348.75000000,0.012707858295,Long,EC,N/A,N/A,N/A,N/A,1,N/A,N/A,N/A,N/A,N/A,N/A,N/A,N/A,N/A,N/A,N/A,N/A,N/A,N/A,N/A,N,N,N
NPORT-P,PROSHARES TRUST,2024-10-25,"Wolfspeed, Inc.",549300OGU88P3AW3TO93,"Wolfspeed, Inc.",977852102,N/A,N/A,4929.00000000,NS,USD,48057.75000000,0.033179386803,Long,EC,N/A,N/A,N/A,N/A,1,N/A,N/A,N/A,N/A,N/A,N/A,N/A,N/A,N/A,N/A,N/A,N/A,N/A,N/A,N/A,N,N,N
NPORT-P,PRUDENTIAL SERIES FUND,2024-11-25,Wolfspeed Inc,549300OGU88P3AW3TO93,Wolfspeed Inc,977852102,N/A,N/A,119050.00000000,NS,USD,1154785.00000000,0.089306407174,Long,EC,N/A,N/A,N/A,N/A,1,N/A,N/A,N/A,N/A,N/A,N/A,N/A,N/A,N/A,N/A,N/A,N/A,N/A,N/A,N/A,N,N,N
NPORT-P,PUTNAM DIVERSIFIED INCOME TRUST,2024-11-27,WOLFSPEED INC,549300OGU88P3AW3TO93,CONV. NOTE,977852AD4,N/A,N/A,434000,PA,USD,163618,0.014410436859,Long,DBT,N/A,N/A,N/A,N/A,2,N/A,N/A,N/A,N/A,N/A,N/A,N/A,N/A,N/A,N/A,N/A,N/A,N/A,N/A,N/A,N,N,N
NPORT-P,PUTNAM HIGH YIELD FUND,2024-10-29,WOLFSPEED INC,549300OGU88P3AW3TO93,CONV. NOTE,977852AD4,N/A,N/A,78000,PA,USD,30123.87,0.003221993348,Long,DBT,N/A,N/A,N/A,N/A,2,N/A,N/A,N/A,N/A,N/A,N/A,N/A,N/A,N/A,N/A,N/A,N/A,N/A,N/A,N/A,N,N,N
NPORT-P,PUTNAM MASTER INTERMEDIATE INCOME TRUST,2024-11-27,WOLFSPEED INC,549300OGU88P3AW3TO93,CONV. NOTE,977852AD4,N/A,N/A,82000,PA,USD,30914,0.018290903864,Long,DBT,N/A,N/A,N/A,N/A,2,N/A,N/A,N/A,N/A,N/A,N/A,N/A,N/A,N/A,N/A,N/A,N/A,N/A,N/A,N/A,N,N,N
NPORT-P,PUTNAM VARIABLE TRUST,2024-11-27,WOLFSPEED INC,549300OGU88P3AW3TO93,CONV. NOTE,977852AD4,N/A,N/A,55000,PA,USD,20735,0.018852672315,Long,DBT,N/A,N/A,N/A,N/A,2,N/A,N/A,N/A,N/A,N/A,N/A,N/A,N/A,N/A,N/A,N/A,N/A,N/A,N/A,N/A,N,N,N
NPORT-P,ProFunds,2024-10-31,"Wolfspeed, Inc.",549300OGU88P3AW3TO93,WOLFSPEED INC,977852102,N/A,N/A,1490.00000000,NS,USD,14453.00000000,0.084685312352,Long,EC,N/A,N/A,N/A,N/A,1,N/A,N/A,N/A,N/A,N/A,N/A,N/A,N/A,N/A,N/A,N/A,N/A,N/A,N/A,N/A,N,N,N
NPORT-P,ProFunds,2024-10-31,"Wolfspeed, Inc.",549300OGU88P3AW3TO93,WOLFSPEED INC,977852102,N/A,N/A,1711.00000000,NS,USD,16596.70000000,0.092829501971,Long,EC,N/A,N/A,N/A,N/A,1,N/A,N/A,N/A,N/A,N/A,N/A,N/A,N/A,N/A,N/A,N/A,N/A,N/A,N/A,N/A,N,N,N
NPORT-P,ProFunds,2024-12-11,"Wolfspeed, Inc.",549300OGU88P3AW3TO93,WOLFSPEED INC,977852102,N/A,N/A,280.00000000,NS,USD,3726.80000000,0.133678596294,Long,EC,N/A,N/A,N/A,N/A,1,N/A,N/A,N/A,N/A,N/A,N/A,N/A,N/A,N/A,N/A,N/A,N/A,N/A,N/A,N/A,N,N,N
NPORT-P,ProFunds,2024-12-11,"Wolfspeed, Inc.",549300OGU88P3AW3TO93,WOLFSPEED INC,977852102,N/A,N/A,424.00000000,NS,USD,5643.44000000,0.121078365791,Long,EC,N/A,N/A,N/A,N/A,1,N/A,N/A,N/A,N/A,N/A,N/A,N/A,N/A,N/A,N/A,N/A,N/A,N/A,N/A,N/A,N,N,N
NPORT-P,"RBB FUND, INC.",2024-10-30,Wolfspeed Inc,549300OGU88P3AW3TO93,Wolfspeed Inc,977852102,N/A,N/A,45794.000000000000,NS,USD,446491.500000000000,0.5706071846,Long,EC,N/A,N/A,N/A,N/A,1,N/A,N/A,N/A,N/A,N/A,N/A,N/A,N/A,N/A,N/A,N/A,N/A,N/A,N/A,N/A,N,N,N/A
NPORT-P,RUSSELL INVESTMENT FUNDS,2024-11-20,Wolfspeed Inc,549300OGU88P3AW3TO93,Wolfspeed Inc,977852102,N/A,N/A,-45698.00000000,NS,USD,-443270.60000000,-0.07213201428,Short,EC,N/A,N/A,N/A,N/A,1,N/A,N/A,N/A,N/A,N/A,N/A,N/A,N/A,N/A,N/A,N/A,N/A,N/A,N/A,N/A,N,N,N
NPORT-P,RUSSELL INVESTMENT FUNDS,2024-11-20,Wolfspeed Inc,549300OGU88P3AW3TO93,Wolfspeed Inc,977852102,N/A,N/A,-4944.00000000,NS,USD,-47956.80000000,-0.02173784618,Short,EC,N/A,N/A,N/A,N/A,1,N/A,N/A,N/A,N/A,N/A,N/A,N/A,N/A,N/A,N/A,N/A,N/A,N/A,N/A,N/A,N,N,N
NPORT-P,RYDEX SERIES FUNDS,2024-11-29,Wolfspeed Inc,549300OGU88P3AW3TO93,"Wolfspeed, Inc.",977852102,N/A,N/A,47111.00000000,NS,USD,456976.70000000,0.336832519027,Long,EC,N/A,N/A,N/A,N/A,1,N/A,N/A,N/A,N/A,N/A,N/A,N/A,N/A,N/A,N/A,N/A,N/A,N/A,N/A,N/A,N,N,N
NPORT-P,RYDEX VARIABLE TRUST,2024-11-29,Wolfspeed Inc,549300OGU88P3AW3TO93,"Wolfspeed, Inc.",977852102,N/A,N/A,11680.00000000,NS,USD,113296.00000000,0.341617506197,Long,EC,N/A,N/A,N/A,N/A,1,N/A,N/A,N/A,N/A,N/A,N/A,N/A,N/A,N/A,N/A,N/A,N/A,N/A,N/A,N/A,N,N,N
NPORT-P,SA FUNDS INVESTMENT TRUST,2024-11-15,Wolfspeed Inc,549300OGU88P3AW3TO93,Wolfspeed Inc,977852102,N/A,N/A,7157.00000000,NS,USD,69422.90000000,0.021249537492,Long,EC,N/A,N/A,N/A,N/A,1,N/A,N/A,N/A,N/A,N/A,N/A,N/A,N/A,N/A,N/A,N/A,N/A,N/A,N/A,N/A,N,N,N/A
NPORT-P,SCHWAB STRATEGIC TRUST,2024-10-24,Wolfspeed Inc,549300OGU88P3AW3TO93,Wolfspeed Inc,977852102,N/A,N/A,338266.00000000,NS,USD,3298093.50000000,0.028576004873,Long,EC,N/A,N/A,N/A,N/A,1,N/A,N/A,N/A,N/A,N/A,N/A,N/A,N/A,N/A,N/A,N/A,N/A,N/A,N/A,N/A,N,N,N
NPORT-P,SCHWAB STRATEGIC TRUST,2024-10-24,Wolfspeed Inc,549300OGU88P3AW3TO93,Wolfspeed Inc,977852102,N/A,N/A,112173.00000000,NS,USD,1093686.75000000,0.012230362844,Long,EC,N/A,N/A,N/A,N/A,1,N/A,N/A,N/A,N/A,N/A,N/A,N/A,N/A,N/A,N/A,N/A,N/A,N/A,N/A,N/A,N,N,N
NPORT-P,SCHWAB STRATEGIC TRUST,2024-10-24,Wolfspeed Inc,549300OGU88P3AW3TO93,Wolfspeed Inc,977852102,N/A,N/A,9215.00000000,NS,USD,89846.25000000,0.002406850421,Long,EC,N/A,N/A,N/A,N/A,1,N/A,N/A,N/A,N/A,N/A,N/A,N/A,N/A,N/A,N/A,N/A,N/A,N/A,N/A,N/A,N,N,N
NPORT-P,SCHWAB STRATEGIC TRUST,2024-10-24,Wolfspeed Inc,549300OGU88P3AW3TO93,Wolfspeed Inc,977852102,N/A,N/A,797.00000000,NS,USD,7770.75000000,0.000943402435,Long,EC,N/A,N/A,N/A,N/A,1,N/A,N/A,N/A,N/A,N/A,N/A,N/A,N/A,N/A,N/A,N/A,N/A,N/A,N/A,N/A,N,N,N
NPORT-P,SCHWAB STRATEGIC TRUST,2024-10-24,Wolfspeed Inc,549300OGU88P3AW3TO93,Wolfspeed Inc,977852102,N/A,N/A,61797.00000000,NS,USD,602520.75000000,0.005152072143,Long,EC,N/A,N/A,N/A,N/A,1,N/A,N/A,N/A,N/A,N/A,N/A,N/A,N/A,N/A,N/A,N/A,N/A,N/A,N/A,N/A,N,N,N
NPORT-P,SCHWAB STRATEGIC TRUST,2024-10-24,Wolfspeed Inc,549300OGU88P3AW3TO93,Wolfspeed Inc,977852102,N/A,N/A,75508.00000000,NS,USD,736203.00000000,0.002401101274,Long,EC,N/A,N/A,N/A,N/A,1,N/A,N/A,N/A,N/A,N/A,N/A,N/A,N/A,N/A,N/A,N/A,N/A,N/A,N/A,N/A,N,N,N
NPORT-P,SCHWAB STRATEGIC TRUST,2024-10-24,Wolfspeed Inc,549300OGU88P3AW3TO93,Wolfspeed Inc,977852102,N/A,N/A,109350.00000000,NS,USD,1066162.50000000,0.002370752905,Long,EC,N/A,N/A,N/A,N/A,1,N/A,N/A,N/A,N/A,N/A,N/A,N/A,N/A,N/A,N/A,N/A,N/A,N/A,N/A,N/A,N,N,N
NPORT-P,SEASONS SERIES TRUST,2024-11-26,Wolfspeed Inc,549300OGU88P3AW3TO93,Wolfspeed Inc,977852102,N/A,N/A,4945.00000000,NS,USD,47966.50000000,0.029562135084,Long,EC,N/A,N/A,N/A,N/A,1,N/A,N/A,N/A,N/A,N/A,N/A,N/A,N/A,N/A,N/A,N/A,N/A,N/A,N/A,N/A,N,N,N
NPORT-P,SEASONS SERIES TRUST,2024-11-26,WOLFSPEED INC,549300OGU88P3AW3TO93,Wolfspeed Inc,977852AD4,N/A,N/A,384000.00000000,PA,USD,142848.00000000,0.068050996576,Long,DBT,N/A,N/A,N/A,N/A,2,N/A,N/A,N/A,N/A,N/A,N/A,N/A,N/A,N/A,N/A,N/A,N/A,N/A,N/A,N/A,N,N,N
NPORT-P,SEASONS SERIES TRUST,2024-11-26,Wolfspeed Inc,549300OGU88P3AW3TO93,Wolfspeed Inc,977852102,N/A,N/A,21531.00000000,NS,USD,208850.70000000,0.099493855501,Long,EC,N/A,N/A,N/A,N/A,1,N/A,N/A,N/A,N/A,N/A,N/A,N/A,N/A,N/A,N/A,N/A,N/A,N/A,N/A,N/A,N,N,N
NPORT-P,SEASONS SERIES TRUST,2024-11-26,WOLFSPEED INC,549300OGU88P3AW3TO93,Wolfspeed Inc,977852AB8,N/A,N/A,109000.00000000,PA,USD,42837.00000000,0.020407009831,Long,DBT,N/A,N/A,N/A,N/A,2,N/A,N/A,N/A,N/A,N/A,N/A,N/A,N/A,N/A,N/A,N/A,N/A,N/A,N/A,N/A,N,N,N
NPORT-P,SEI Catholic Values Trust,2024-10-30,"Wolfspeed, Inc.",549300OGU88P3AW3TO93,WOLFSPEED INC COMMON STOCK,977852102,N/A,N/A,341.00000000,NS,USD,3324.75000000,0.000888426479,Long,EC,N/A,OTHER,N/A,N/A,1,N/A,N/A,N/A,N/A,N/A,N/A,N/A,N/A,N/A,N/A,N/A,N/A,N/A,N/A,N/A,N,N,N
NPORT-P,SEI INSTITUTIONAL INVESTMENTS TRUST,2024-10-30,"Wolfspeed, Inc.",549300OGU88P3AW3TO93,WOLFSPEED INC COMMON STOCK,977852102,N/A,N/A,5000.00000000,NS,USD,48750.00000000,0.002681159431,Long,EC,N/A,OTHER,N/A,N/A,1,N/A,N/A,N/A,N/A,N/A,N/A,N/A,N/A,N/A,N/A,N/A,N/A,N/A,N/A,N/A,N,N,N
NPORT-P,SEI INSTITUTIONAL INVESTMENTS TRUST,2024-10-30,"Wolfspeed, Inc.",549300OGU88P3AW3TO93,WOLFSPEED INC COMMON STOCK,977852102,N/A,N/A,19923.00000000,NS,USD,194249.25000000,0.016641884344,Long,EC,N/A,OTHER,N/A,N/A,1,N/A,N/A,N/A,N/A,N/A,N/A,N/A,N/A,N/A,N/A,N/A,N/A,N/A,N/A,N/A,N,N,N
NPORT-P,SEI INSTITUTIONAL MANAGED TRUST,2024-11-26,"Wolfspeed, Inc.",549300OGU88P3AW3TO93,WOLFSPEED INC COMMON STOCK,977852102,N/A,N/A,2930.00000000,NS,USD,28421.00000000,0.002400127554,Long,EC,N/A,OTHER,N/A,N/A,1,N/A,N/A,N/A,N/A,N/A,N/A,N/A,N/A,N/A,N/A,N/A,N/A,N/A,N/A,N/A,N,N,N
NPORT-P,SHELTON FUNDS,2024-10-30,Wolfspeed Inc.,549300OGU88P3AW3TO93,Wolfspeed Inc. COM,977852102,SEDOL Number,BMBVND9,5129,NS,USD,50007.75,0.0447074762,Long,EC,N/A,N/A,N/A,N/A,1,N/A,N/A,N/A,N/A,N/A,N/A,N/A,N/A,N/A,N/A,N/A,N/A,N/A,N/A,N/A,N,N,N
NPORT-P,SMALLCAP WORLD FUND INC,2024-11-25,WOLFSPEED INC,549300OGU88P3AW3TO93,WOLFSPEED INC,977852102,CG Symbol,WOLF,2996775.000000000000,NS,USD,29068717.500000000000,0.0377056409,Long,EC,N/A,N/A,N/A,N/A,1,N/A,N/A,N/A,N/A,N/A,N/A,N/A,N/A,N/A,N/A,N/A,N/A,N/A,N/A,N/A,N,N,N/A
NPORT-P,SPDR INDEX SHARES FUNDS,2024-11-25,Wolfspeed Inc,549300OGU88P3AW3TO93,Wolfspeed Inc,977852102,N/A,N/A,376.00000000,NS,USD,3647.20000000,0.000407052856,Long,EC,N/A,N/A,N/A,N/A,1,N/A,N/A,N/A,N/A,N/A,N/A,N/A,N/A,N/A,N/A,N/A,N/A,N/A,N/A,N/A,N,N,N/A
NPORT-P,SPDR SERIES TRUST,2024-11-25,Wolfspeed Inc,549300OGU88P3AW3TO93,Wolfspeed Inc,977852102,N/A,N/A,1090734.00000000,NS,USD,10580119.80000000,0.089467701947,Long,EC,N/A,N/A,N/A,N/A,1,N/A,N/A,N/A,N/A,N/A,N/A,N/A,N/A,N/A,N/A,N/A,N/A,N/A,N/A,N/A,N,N,N/A
NPORT-P,SPDR SERIES TRUST,2024-11-25,WOLFSPEED INC,549300OGU88P3AW3TO93,Wolfspeed Inc,225447AD3,N/A,N/A,7410000.00000000,PA,USD,5288442.90000000,0.146141667636,Long,DBT,N/A,N/A,N/A,N/A,2,N/A,N/A,N/A,N/A,N/A,N/A,N/A,N/A,N/A,N/A,N/A,N/A,N/A,N/A,N/A,N,N,N
NPORT-P,SPDR SERIES TRUST,2024-11-25,WOLFSPEED INC,549300OGU88P3AW3TO93,Wolfspeed Inc,977852AD4,N/A,N/A,27887000.00000000,PA,USD,10453999.69000000,0.288887481070,Long,DBT,N/A,N/A,N/A,N/A,2,N/A,N/A,N/A,N/A,N/A,N/A,N/A,N/A,N/A,N/A,N/A,N/A,N/A,N/A,N/A,N,N,N
NPORT-P,SPDR SERIES TRUST,2024-11-25,WOLFSPEED INC,549300OGU88P3AW3TO93,Wolfspeed Inc,977852AB8,N/A,N/A,9512000.00000000,PA,USD,3794336.80000000,0.104853303328,Long,DBT,N/A,N/A,N/A,N/A,2,N/A,N/A,N/A,N/A,N/A,N/A,N/A,N/A,N/A,N/A,N/A,N/A,N/A,N/A,N/A,N,N,N
NPORT-P,SPDR SERIES TRUST,2024-11-25,Wolfspeed Inc,549300OGU88P3AW3TO93,Wolfspeed Inc,977852102,N/A,N/A,254.00000000,NS,USD,2463.80000000,0.000630897721,Long,EC,N/A,N/A,N/A,N/A,1,N/A,N/A,N/A,N/A,N/A,N/A,N/A,N/A,N/A,N/A,N/A,N/A,N/A,N/A,N/A,N,N,N/A
NPORT-P,SPDR SERIES TRUST,2024-11-25,Wolfspeed Inc,549300OGU88P3AW3TO93,Wolfspeed Inc,977852102,N/A,N/A,389900.00000000,NS,USD,3782030.00000000,0.095465386546,Long,EC,N/A,N/A,N/A,N/A,1,N/A,N/A,N/A,N/A,N/A,N/A,N/A,N/A,N/A,N/A,N/A,N/A,N/A,N/A,N/A,N,N,N/A
NPORT-P,SPDR SERIES TRUST,2024-11-25,Wolfspeed Inc,549300OGU88P3AW3TO93,Wolfspeed Inc,977852102,N/A,N/A,19134.00000000,NS,USD,185599.80000000,0.002017221748,Long,EC,N/A,N/A,N/A,N/A,1,N/A,N/A,N/A,N/A,N/A,N/A,N/A,N/A,N/A,N/A,N/A,N/A,N/A,N/A,N/A,N,N,N/A
NPORT-P,SPDR SERIES TRUST,2024-11-25,Wolfspeed Inc,549300OGU88P3AW3TO93,Wolfspeed Inc,977852102,N/A,N/A,12.00000000,NS,USD,116.40000000,0.000102717275,Long,EC,N/A,N/A,N/A,N/A,1,N/A,N/A,N/A,N/A,N/A,N/A,N/A,N/A,N/A,N/A,N/A,N/A,N/A,N/A,N/A,N,N,N
NPORT-P,SPDR SERIES TRUST,2024-11-25,Wolfspeed Inc,549300OGU88P3AW3TO93,Wolfspeed Inc,977852102,N/A,N/A,2730582.00000000,NS,USD,26486645.40000000,1.941275784000,Long,EC,N/A,N/A,N/A,N/A,1,N/A,N/A,N/A,N/A,N/A,N/A,N/A,N/A,N/A,N/A,N/A,N/A,N/A,N/A,N/A,N,N,N/A
NPORT-P,SPDR SERIES TRUST,2024-11-25,Wolfspeed Inc,549300OGU88P3AW3TO93,Wolfspeed Inc,977852102,N/A,N/A,314879.00000000,NS,USD,3054326.30000000,0.084582225069,Long,EC,N/A,N/A,N/A,N/A,1,N/A,N/A,N/A,N/A,N/A,N/A,N/A,N/A,N/A,N/A,N/A,N/A,N/A,N/A,N/A,N,N,N/A
NPORT-P,STATE STREET INSTITUTIONAL INVESTMENT TRUST,2024-11-25,Wolfspeed Inc,549300OGU88P3AW3TO93,Wolfspeed Inc,977852102,N/A,N/A,47201.00000000,NS,USD,457849.70000000,0.016404939452,Long,EC,N/A,N/A,N/A,N/A,1,N/A,N/A,N/A,N/A,N/A,N/A,N/A,N/A,N/A,N/A,N/A,N/A,N/A,N/A,N/A,N,N,N/A
NPORT-P,STATE STREET VARIABLE INSURANCE SERIES FUNDS INC,2024-11-25,Wolfspeed Inc,549300OGU88P3AW3TO93,Wolfspeed Inc,977852102,N/A,N/A,779.00000000,NS,USD,7556.30000000,0.000679127627,Long,EC,N/A,N/A,N/A,N/A,1,N/A,N/A,N/A,N/A,N/A,N/A,N/A,N/A,N/A,N/A,N/A,N/A,N/A,N/A,N/A,N,N,N
NPORT-P,"T. Rowe Price Index Trust, Inc.",2024-11-26,Wolfspeed Inc,549300OGU88P3AW3TO93,WOLFSPEED INC,977852102,N/A,N/A,23972.000000,NS,USD,232528.400000,0.0235759828,Long,EC,N/A,N/A,N/A,N/A,1,N/A,N/A,N/A,N/A,N/A,N/A,N/A,N/A,N/A,N/A,N/A,N/A,N/A,N/A,N/A,N,N,N/A
NPORT-P,"T. Rowe Price Index Trust, Inc.",2024-11-26,Wolfspeed Inc,549300OGU88P3AW3TO93,WOLFSPEED INC,977852102,N/A,N/A,5837.000000,NS,USD,56618.900000,0.0276822108,Long,EC,N/A,N/A,N/A,N/A,1,N/A,N/A,N/A,N/A,N/A,N/A,N/A,N/A,N/A,N/A,N/A,N/A,N/A,N/A,N/A,N,N,N/A
NPORT-P,"T. Rowe Price International Funds, Inc.",2024-11-26,Wolfspeed Inc,549300OGU88P3AW3TO93,WOLFSPEED INC,977852AB8,N/A,N/A,981000.000000,PA,USD,386021.540000,0.0386427991,Long,DBT,N/A,N/A,N/A,N/A,2,N/A,N/A,N/A,N/A,N/A,N/A,N/A,N/A,N/A,N/A,N/A,N/A,N/A,N/A,N/A,N,N,N
NPORT-P,"T. Rowe Price International Funds, Inc.",2024-11-26,Wolfspeed Inc,549300OGU88P3AW3TO93,WOLFSPEED INC,977852AD4,N/A,N/A,19595000.000000,PA,USD,7246093.840000,0.7253723418,Long,DBT,N/A,N/A,N/A,N/A,2,N/A,N/A,N/A,N/A,N/A,N/A,N/A,N/A,N/A,N/A,N/A,N/A,N/A,N/A,N/A,N,N,N
NPORT-P,"T. Rowe Price Mid-Cap Value Fund, Inc.",2024-11-26,Wolfspeed Inc,549300OGU88P3AW3TO93,WOLFSPEED INC,977852102,N/A,N/A,4564815.000000,NS,USD,44278705.500000,0.2788297741,Long,EC,N/A,N/A,N/A,N/A,1,N/A,N/A,N/A,N/A,N/A,N/A,N/A,N/A,N/A,N/A,N/A,N/A,N/A,N/A,N/A,N,N,N/A
NPORT-P,"T. Rowe Price Mid-Cap Value Fund, Inc.",2024-11-26,Wolfspeed Inc,549300OGU88P3AW3TO93,WOLFSPEED INC,977852AB8,N/A,N/A,22052000.000000,PA,USD,8677417.900000,0.0546430264,Long,DBT,N/A,N/A,N/A,N/A,2,N/A,N/A,N/A,N/A,N/A,N/A,N/A,N/A,N/A,N/A,N/A,N/A,N/A,N/A,N/A,N,N,N
NPORT-P,"T. Rowe Price Mid-Cap Value Fund, Inc.",2024-11-26,Wolfspeed Inc,549300OGU88P3AW3TO93,WOLFSPEED INC,977852AD4,N/A,N/A,90212000.000000,PA,USD,33359766.120000,0.2100715445,Long,DBT,N/A,N/A,N/A,N/A,2,N/A,N/A,N/A,N/A,N/A,N/A,N/A,N/A,N/A,N/A,N/A,N/A,N/A,N/A,N/A,N,N,N
NPORT-P,THRIVENT SERIES FUND INC,2024-11-26,Wolfspeed Inc,549300OGU88P3AW3TO93,"Wolfspeed, Inc.",977852102,N/A,N/A,98832.00000000,NS,USD,958670.40000000,0.089235883472,Long,EC,N/A,N/A,N/A,N/A,1,N/A,N/A,N/A,N/A,N/A,N/A,N/A,N/A,N/A,N/A,N/A,N/A,N/A,N/A,N/A,N,N,N
NPORT-P,TIAA SEPARATE ACCOUNT VA 1,2024-11-26,Wolfspeed Inc,549300OGU88P3AW3TO93,"Wolfspeed, Inc",977852102,N/A,N/A,3166.00000000,NS,USD,30710.20000000,0.002345330871,Long,EC,N/A,N/A,N/A,N/A,1,N/A,N/A,N/A,N/A,N/A,N/A,N/A,N/A,N/A,N/A,N/A,N/A,N/A,N/A,N/A,N,N,N
NPORT-P,TIAA-CREF LIFE FUNDS,2024-11-26,Wolfspeed Inc,549300OGU88P3AW3TO93,"Wolfspeed, Inc",977852102,N/A,N/A,1949.00000000,NS,USD,18905.30000000,0.002166204282,Long,EC,N/A,N/A,N/A,N/A,1,N/A,N/A,N/A,N/A,N/A,N/A,N/A,N/A,N/A,N/A,N/A,N/A,N/A,N/A,N/A,N,N,N/A
NPORT-P,TIFF INVESTMENT PROGRAM,2024-11-29,Wolfspeed Inc,549300OGU88P3AW3TO93,Wolfspeed Inc,977852102,N/A,N/A,-61440.00000000,NS,USD,-595968.00000000,-0.04536953262,Short,EC,N/A,N/A,N/A,N/A,1,N/A,N/A,N/A,N/A,N/A,N/A,N/A,N/A,N/A,N/A,N/A,N/A,N/A,N/A,N/A,N,N,N
NPORT-P,TRUST FOR PROFESSIONAL MANAGERS,2024-10-15,Wolfspeed Inc,549300OGU88P3AW3TO93,Wolfspeed Inc,977852102,N/A,N/A,107574.000000000000,NS,USD,1048846.500000000000,0.0986866749,Long,EC,N/A,N/A,N/A,N/A,1,N/A,N/A,N/A,N/A,N/A,N/A,N/A,N/A,N/A,N/A,N/A,N/A,N/A,N/A,N/A,N,N,N
NPORT-P,TRUST FOR PROFESSIONAL MANAGERS,2024-10-15,Wolfspeed Inc,549300OGU88P3AW3TO93,Wolfspeed Inc,977852102,N/A,N/A,11.000000000000,NS,USD,107.250000000000,0.0000116341,Long,EC,N/A,N/A,N/A,N/A,1,N/A,N/A,N/A,N/A,N/A,N/A,N/A,N/A,N/A,N/A,N/A,N/A,N/A,N/A,N/A,N,N,N
NPORT-P,TRUST FOR PROFESSIONAL MANAGERS,2024-10-15,Wolfspeed Inc,549300OGU88P3AW3TO93,Wolfspeed Inc,977852102,N/A,N/A,21536.000000000000,NS,USD,209976.000000000000,0.0489306045,Long,EC,N/A,N/A,N/A,N/A,1,N/A,N/A,N/A,N/A,N/A,N/A,N/A,N/A,N/A,N/A,N/A,N/A,N/A,N/A,N/A,N,N,N
NPORT-P,TRUST FOR PROFESSIONAL MANAGERS,2024-10-16,Wolfspeed Inc,549300OGU88P3AW3TO93,Wolfspeed Inc,977852102,N/A,N/A,-38754.000000000000,NS,USD,-377851.500000000000,-0.2324747630,Short,EC,N/A,N/A,N/A,N/A,1,N/A,N/A,N/A,N/A,N/A,N/A,N/A,N/A,N/A,N/A,N/A,N/A,N/A,N/A,N/A,N,N,N
NPORT-P,Total Fund Solution,2024-11-22,Wolfspeed Inc,549300OGU88P3AW3TO93,Wolfspeed Inc,977852102,N/A,N/A,-18748.000000000000,NS,USD,-181855.600000000000,-0.1902042432,Short,EC,N/A,N/A,N/A,N/A,1,N/A,N/A,N/A,N/A,N/A,N/A,N/A,N/A,N/A,N/A,N/A,N/A,N/A,N/A,N/A,N,N,N
NPORT-P,UNIFIED SERIES TRUST,2024-11-27,Wolfspeed Inc.,549300OGU88P3AW3TO93,"Wolfspeed, Inc.",977852102,N/A,N/A,-24338.00000000,NS,USD,-236078.60000000,-0.02397486310,Short,EC,N/A,N/A,N/A,N/A,1,N/A,N/A,N/A,N/A,N/A,N/A,N/A,N/A,N/A,N/A,N/A,N/A,N/A,N/A,N/A,N,N,N
NPORT-P,UNIFIED SERIES TRUST,2024-11-27,Wolfspeed Inc.,549300OGU88P3AW3TO93,"Wolfspeed, Inc.",977852AB8,N/A,N/A,3000000.00000000,PA,USD,1194000.00000000,0.121256168715,Long,DBT,N/A,N/A,N/A,N/A,2,N/A,N/A,N/A,N/A,N/A,N/A,N/A,N/A,N/A,N/A,N/A,N/A,N/A,N/A,N/A,N,N,N
NPORT-P,VALIC Co I,2024-10-29,Wolfspeed Inc,549300OGU88P3AW3TO93,Wolfspeed Inc,977852102,N/A,N/A,131755.00000000,NS,USD,1284611.25000000,0.043234405240,Long,EC,N/A,N/A,N/A,N/A,1,N/A,N/A,N/A,N/A,N/A,N/A,N/A,N/A,N/A,N/A,N/A,N/A,N/A,N/A,N/A,N,N,N/A
NPORT-P,VANGUARD ADMIRAL FUNDS,2024-10-28,Wolfspeed Inc,549300OGU88P3AW3TO93,WOLFSPEED INC,977852102,N/A,N/A,121038.00000000,NS,USD,1180120.50000000,0.031951913824,Long,EC,N/A,N/A,N/A,N/A,1,N/A,N/A,N/A,N/A,N/A,N/A,N/A,N/A,N/A,N/A,N/A,N/A,N/A,N/A,N/A,N,N,N
NPORT-P,VANGUARD ADMIRAL FUNDS,2024-10-28,Wolfspeed Inc,549300OGU88P3AW3TO93,WOLFSPEED INC,977852102,N/A,N/A,50609.00000000,NS,USD,493437.75000000,0.047329417033,Long,EC,N/A,N/A,N/A,N/A,1,N/A,N/A,N/A,N/A,N/A,N/A,N/A,N/A,N/A,N/A,N/A,N/A,N/A,N/A,N/A,N,N,N
NPORT-P,VANGUARD ADMIRAL FUNDS,2024-10-28,Wolfspeed Inc,549300OGU88P3AW3TO93,WOLFSPEED INC,977852102,N/A,N/A,49874.00000000,NS,USD,486271.50000000,0.039496859632,Long,EC,N/A,N/A,N/A,N/A,1,N/A,N/A,N/A,N/A,N/A,N/A,N/A,N/A,N/A,N/A,N/A,N/A,N/A,N/A,N/A,N,N,N
NPORT-P,VANGUARD HORIZON FUNDS,2024-11-26,Wolfspeed Inc,549300OGU88P3AW3TO93,WOLFSPEED INC,977852102,N/A,N/A,3131600.00000000,NS,USD,30376520.00000000,0.131392557552,Long,EC,N/A,N/A,N/A,N/A,1,N/A,N/A,N/A,N/A,N/A,N/A,N/A,N/A,N/A,N/A,N/A,N/A,N/A,N/A,N/A,N,N,N
NPORT-P,VANGUARD INDEX FUNDS,2024-11-26,Wolfspeed Inc,549300OGU88P3AW3TO93,WOLFSPEED INC,977852102,N/A,N/A,1654406.00000000,NS,USD,16047738.20000000,0.044491608345,Long,EC,N/A,N/A,N/A,N/A,1,N/A,N/A,N/A,N/A,N/A,N/A,N/A,N/A,N/A,N/A,N/A,N/A,N/A,N/A,N/A,N,N,N/A
NPORT-P,VANGUARD INDEX FUNDS,2024-11-26,Wolfspeed Inc,549300OGU88P3AW3TO93,WOLFSPEED INC,977852102,N/A,N/A,1927901.00000000,NS,USD,18700639.70000000,0.017430140539,Long,EC,N/A,N/A,N/A,N/A,1,N/A,N/A,N/A,N/A,N/A,N/A,N/A,N/A,N/A,N/A,N/A,N/A,N/A,N/A,N/A,N,N,N/A
NPORT-P,VANGUARD INDEX FUNDS,2024-11-26,Wolfspeed Inc,549300OGU88P3AW3TO93,WOLFSPEED INC,977852102,N/A,N/A,3956522.00000000,NS,USD,38378263.40000000,0.002191372347,Long,EC,N/A,N/A,N/A,N/A,1,N/A,N/A,N/A,N/A,N/A,N/A,N/A,N/A,N/A,N/A,N/A,N/A,N/A,N/A,N/A,N,N,N/A
NPORT-P,VANGUARD INDEX FUNDS,2024-11-26,Wolfspeed Inc,549300OGU88P3AW3TO93,WOLFSPEED INC,977852102,N/A,N/A,3180316.00000000,NS,USD,30849065.20000000,0.020322942912,Long,EC,N/A,N/A,N/A,N/A,1,N/A,N/A,N/A,N/A,N/A,N/A,N/A,N/A,N/A,N/A,N/A,N/A,N/A,N/A,N/A,N,N,N/A
NPORT-P,VANGUARD INSTITUTIONAL INDEX FUNDS,2024-11-26,Wolfspeed Inc,549300OGU88P3AW3TO93,WOLFSPEED INC,977852102,N/A,N/A,72176.00000000,NS,USD,700107.20000000,0.002226011761,Long,EC,N/A,N/A,N/A,N/A,1,N/A,N/A,N/A,N/A,N/A,N/A,N/A,N/A,N/A,N/A,N/A,N/A,N/A,N/A,N/A,N,N,N
NPORT-P,VANGUARD QUANTITATIVE FUNDS,2024-11-26,Wolfspeed Inc,549300OGU88P3AW3TO93,WOLFSPEED INC,977852102,N/A,N/A,61500.00000000,NS,USD,596550.00000000,0.003806528643,Long,EC,N/A,N/A,N/A,N/A,1,N/A,N/A,N/A,N/A,N/A,N/A,N/A,N/A,N/A,N/A,N/A,N/A,N/A,N/A,N/A,N,N,N
NPORT-P,VANGUARD SCOTTSDALE FUNDS,2024-10-28,Wolfspeed Inc,549300OGU88P3AW3TO93,WOLFSPEED INC,977852102,N/A,N/A,53889.00000000,NS,USD,525417.75000000,0.004860533417,Long,EC,N/A,N/A,N/A,N/A,1,N/A,N/A,N/A,N/A,N/A,N/A,N/A,N/A,N/A,N/A,N/A,N/A,N/A,N/A,N/A,N,N,N
NPORT-P,VANGUARD SCOTTSDALE FUNDS,2024-10-28,Wolfspeed Inc,549300OGU88P3AW3TO93,WOLFSPEED INC,977852102,N/A,N/A,8960.00000000,NS,USD,87360.00000000,0.002213379261,Long,EC,N/A,N/A,N/A,N/A,1,N/A,N/A,N/A,N/A,N/A,N/A,N/A,N/A,N/A,N/A,N/A,N/A,N/A,N/A,N/A,N,N,N
NPORT-P,VANGUARD SCOTTSDALE FUNDS,2024-10-28,Wolfspeed Inc,549300OGU88P3AW3TO93,WOLFSPEED INC,977852102,N/A,N/A,17983.00000000,NS,USD,175334.25000000,0.002381098662,Long,EC,N/A,N/A,N/A,N/A,1,N/A,N/A,N/A,N/A,N/A,N/A,N/A,N/A,N/A,N/A,N/A,N/A,N/A,N/A,N/A,N,N,N
NPORT-P,VANGUARD TAX-MANAGED FUNDS,2024-11-26,Wolfspeed Inc,549300OGU88P3AW3TO93,WOLFSPEED INC,977852102,N/A,N/A,905883.00000000,NS,USD,8787065.10000000,0.091125114140,Long,EC,N/A,N/A,N/A,N/A,1,N/A,N/A,N/A,N/A,N/A,N/A,N/A,N/A,N/A,N/A,N/A,N/A,N/A,N/A,N/A,N,N,N
NPORT-P,VANGUARD VALLEY FORGE FUNDS,2024-11-26,Wolfspeed Inc,549300OGU88P3AW3TO93,WOLFSPEED INC,977852102,N/A,N/A,81279.00000000,NS,USD,788406.30000000,0.001356435158,Long,EC,N/A,N/A,N/A,N/A,1,N/A,N/A,N/A,N/A,N/A,N/A,N/A,N/A,N/A,N/A,N/A,N/A,N/A,N/A,N/A,N,N,N
NPORT-P,VANGUARD WORLD FUND,2024-10-28,Wolfspeed Inc,549300OGU88P3AW3TO93,WOLFSPEED INC,977852102,N/A,N/A,25929.00000000,NS,USD,252807.75000000,0.002712100071,Long,EC,N/A,N/A,N/A,N/A,1,N/A,N/A,N/A,N/A,N/A,N/A,N/A,N/A,N/A,N/A,N/A,N/A,N/A,N/A,N/A,N,N,N
NPORT-P,VANGUARD WORLD FUND,2024-10-28,Wolfspeed Inc,549300OGU88P3AW3TO93,WOLFSPEED INC,977852102,N/A,N/A,2136759.00000000,NS,USD,20833400.25000000,0.022583265393,Long,EC,N/A,N/A,N/A,N/A,1,N/A,N/A,N/A,N/A,N/A,N/A,N/A,N/A,N/A,N/A,N/A,N/A,N/A,N/A,N/A,N,N,N
NPORT-P,VARIABLE INSURANCE PRODUCTS FUND,2024-11-25,WOLFSPEED INC,549300OGU88P3AW3TO93,WOLFSPEED INC CONV 1.875% 12/01/2029,977852AD4,N/A,N/A,3092000.00000000,PA,USD,1150224.00000000,0.143992957669,Long,DBT,N/A,N/A,N/A,N/A,2,N/A,N/A,N/A,N/A,N/A,N/A,N/A,N/A,N/A,N/A,N/A,N/A,N/A,N/A,N/A,N,N,N
NPORT-P,VARIABLE INSURANCE PRODUCTS FUND II,2024-11-25,WOLFSPEED INC,549300OGU88P3AW3TO93,WOLFSPEED INC,977852102,N/A,N/A,5413.00000000,NS,USD,52506.10000000,0.019812572181,Long,EC,N/A,N/A,N/A,N/A,1,N/A,N/A,N/A,N/A,N/A,N/A,N/A,N/A,N/A,N/A,N/A,N/A,N/A,N/A,N/A,N,N,N/A
NPORT-P,VARIABLE INSURANCE PRODUCTS FUND II,2024-11-25,WOLFSPEED INC,549300OGU88P3AW3TO93,WOLFSPEED INC,977852102,N/A,N/A,2481.00000000,NS,USD,24065.70000000,0.002168167072,Long,EC,N/A,N/A,N/A,N/A,1,N/A,N/A,N/A,N/A,N/A,N/A,N/A,N/A,N/A,N/A,N/A,N/A,N/A,N/A,N/A,N,N,N/A
NPORT-P,VIRTUS ALTERNATIVE SOLUTIONS TRUST,2024-11-22,Wolfspeed Inc,549300OGU88P3AW3TO93,Wolfspeed Inc,977852102,N/A,N/A,1510.00000000,NS,USD,14647.00000000,0.012169348129,Long,EC,N/A,N/A,N/A,N/A,1,N/A,N/A,N/A,N/A,N/A,N/A,N/A,N/A,N/A,N/A,N/A,N/A,N/A,N/A,N/A,N,N,N
NPORT-P,Variable Insurance Products Fund V,2024-11-25,WOLFSPEED INC,549300OGU88P3AW3TO93,WOLFSPEED INC CONV 1.875% 12/01/2029,977852AD4,N/A,N/A,5455000.00000000,PA,USD,2029260.00000000,0.133284592807,Long,DBT,N/A,N/A,N/A,N/A,2,N/A,N/A,N/A,N/A,N/A,N/A,N/A,N/A,N/A,N/A,N/A,N/A,N/A,N/A,N/A,N,N,N
NPORT-P,Virtus Investment Trust,2024-11-22,WOLFSPEED INC,549300OGU88P3AW3TO93,Wolfspeed Inc,977852AB8,SEDOL,BN4BB62,23015000.00000000,PA,USD,9044895.00000000,0.182173718147,Long,DBT,N/A,N/A,N/A,N/A,2,N/A,N/A,N/A,N/A,N/A,N/A,N/A,N/A,N/A,N/A,N/A,N/A,N/A,N/A,N/A,N,N,N
NPORT-P,Voya VARIABLE PORTFOLIOS INC,2024-11-21,Wolfspeed Inc,549300OGU88P3AW3TO93,Wolfspeed Inc,977852102,N/A,N/A,10922.00000000,NS,USD,105943.40000000,0.010239970268,Long,EC,N/A,N/A,N/A,N/A,1,N/A,N/A,N/A,N/A,N/A,N/A,N/A,N/A,N/A,N/A,N/A,N/A,N/A,N/A,N/A,N,N,N/A
NPORT-P,Voya VARIABLE PORTFOLIOS INC,2024-11-21,Wolfspeed Inc,549300OGU88P3AW3TO93,Wolfspeed Inc,977852102,N/A,N/A,5246.00000000,NS,USD,50886.20000000,0.010007766723,Long,EC,N/A,N/A,N/A,N/A,1,N/A,N/A,N/A,N/A,N/A,N/A,N/A,N/A,N/A,N/A,N/A,N/A,N/A,N/A,N/A,N,N,N/A
NPORT-P,WILSHIRE MUTUAL FUNDS INC,2024-11-27,Wolfspeed Inc,549300OGU88P3AW3TO93,Wolfspeed Inc,977852102,N/A,N/A,659.000000000000,NS,USD,6392.300000000000,0.0022664322,Long,EC,N/A,N/A,N/A,N/A,1,N/A,N/A,N/A,N/A,N/A,N/A,N/A,N/A,N/A,N/A,N/A,N/A,N/A,N/A,N/A,N,N,N
NPORT-P,iSHARES TRUST,2024-10-28,"Wolfspeed, Inc.",549300OGU88P3AW3TO93,WOLFSPEED INC,977852102,N/A,N/A,66902.00000000,NS,USD,652294.50000000,0.036004921544,Long,EC,N/A,N/A,N/A,N/A,1,N/A,N/A,N/A,N/A,N/A,N/A,N/A,N/A,N/A,N/A,N/A,N/A,N/A,N/A,N/A,N,N,N
NPORT-P,iSHARES TRUST,2024-11-26,"Wolfspeed, Inc.",549300OGU88P3AW3TO93,WOLFSPEED INC,977852102,N/A,N/A,297549.00000000,NS,USD,2886225.30000000,0.004774588950,Long,EC,N/A,N/A,N/A,N/A,1,N/A,N/A,N/A,N/A,N/A,N/A,N/A,N/A,N/A,N/A,N/A,N/A,N/A,N/A,N/A,N,N,N/A
NPORT-P,iSHARES TRUST,2024-11-26,"Wolfspeed, Inc.",549300OGU88P3AW3TO93,WOLFSPEED INC,977852102,N/A,N/A,87690.00000000,NS,USD,850593.00000000,0.002247125283,Long,EC,N/A,N/A,N/A,N/A,1,N/A,N/A,N/A,N/A,N/A,N/A,N/A,N/A,N/A,N/A,N/A,N/A,N/A,N/A,N/A,N,N,N/A
NPORT-P,iSHARES TRUST,2024-11-26,"Wolfspeed, Inc.",549300OGU88P3AW3TO93,"Wolfspeed, Inc.",977852102,Inhouse Asset ID,977852102,55094.00000000,NS,USD,534411.80000000,0.009980840545,Long,EC,N/A,N/A,N/A,N/A,1,N/A,N/A,N/A,N/A,N/A,N/A,N/A,N/A,N/A,N/A,N/A,N/A,N/A,N/A,N/A,N,N,N/A
NPORT-P,iSHARES TRUST,2024-11-26,"Wolfspeed, Inc.",549300OGU88P3AW3TO93,"Wolfspeed, Inc.",977852102,Inhouse Asset ID,977852102,392255.00000000,NS,USD,3804873.50000000,0.010397161049,Long,EC,N/A,N/A,N/A,N/A,1,N/A,N/A,N/A,N/A,N/A,N/A,N/A,N/A,N/A,N/A,N/A,N/A,N/A,N/A,N/A,N,N,N/A
NPORT-P,iSHARES TRUST,2024-11-26,"Wolfspeed, Inc.",549300OGU88P3AW3TO93,"Wolfspeed, Inc.",977852102,Inhouse Asset ID,977852102,569841.00000000,NS,USD,5527457.70000000,0.084780126583,Long,EC,N/A,N/A,N/A,N/A,1,N/A,N/A,N/A,N/A,N/A,N/A,N/A,N/A,N/A,N/A,N/A,N/A,N/A,N/A,N/A,N,N,N/A
NPORT-P,iSHARES TRUST,2024-11-26,"Wolfspeed, Inc.",549300OGU88P3AW3TO93,"Wolfspeed, Inc.",977852102,Inhouse Asset ID,977852102,20134.00000000,NS,USD,195299.80000000,0.019018228083,Long,EC,N/A,N/A,N/A,N/A,1,N/A,N/A,N/A,N/A,N/A,N/A,N/A,N/A,N/A,N/A,N/A,N/A,N/A,N/A,N/A,N,N,N/A
NPORT-P,iSHARES TRUST,2024-11-26,"Wolfspeed, Inc.",549300OGU88P3AW3TO93,"Wolfspeed, Inc.",977852102,Inhouse Asset ID,977852102,138890.00000000,NS,USD,1347233.00000000,0.002178944530,Long,EC,N/A,N/A,N/A,N/A,1,N/A,N/A,N/A,N/A,N/A,N/A,N/A,N/A,N/A,N/A,N/A,N/A,N/A,N/A,N/A,N,N,N/A
NPORT-P,iSHARES TRUST,2024-11-27,Wolfspeed Inc,549300OGU88P3AW3TO93,Wolfspeed Inc,977852102,N/A,N/A,188536.00000000,NS,USD,1828799.20000000,0.013442418042,Long,EC,N/A,N/A,N/A,N/A,1,N/A,N/A,N/A,N/A,N/A,N/A,N/A,N/A,N/A,N/A,N/A,N/A,N/A,N/A,N/A,N,N,N/A
NPORT-P,iSHARES TRUST,2024-11-27,Wolfspeed Inc,549300OGU88P3AW3TO93,Wolfspeed Inc,977852102,N/A,N/A,7999361.00000000,NS,USD,77593801.70000000,0.090093594110,Long,EC,N/A,N/A,N/A,N/A,1,N/A,N/A,N/A,N/A,N/A,N/A,N/A,N/A,N/A,N/A,N/A,N/A,N/A,N/A,N/A,N,N,N/A
NPORT-P,iSHARES TRUST,2024-11-27,Wolfspeed Inc,549300OGU88P3AW3TO93,Wolfspeed Inc,977852102,N/A,N/A,32816.00000000,NS,USD,318315.20000000,0.002128791474,Long,EC,N/A,N/A,N/A,N/A,1,N/A,N/A,N/A,N/A,N/A,N/A,N/A,N/A,N/A,N/A,N/A,N/A,N/A,N/A,N/A,N,N,N/A
NPORT-P,iSHARES TRUST,2024-11-27,Wolfspeed Inc,549300OGU88P3AW3TO93,Wolfspeed Inc,977852102,N/A,N/A,711503.00000000,NS,USD,6901579.10000000,0.095975314430,Long,EC,N/A,N/A,N/A,N/A,1,N/A,N/A,N/A,N/A,N/A,N/A,N/A,N/A,N/A,N/A,N/A,N/A,N/A,N/A,N/A,N,N,N/A
