company_name,cusip,doc_type,filing_date,investmentDiscretion,nameofissuer,putCall,sshPrnamt,sshprnamttype,titleofclass,value
"ABSOLUTE INVESTMENT ADVISERS, LLC",977852AB8,13F-HR,2024-10-24,SOLE,WOLFSPEED INC,N/A,3000000,SH,NOTE 0.250% 2/1,1185199
ADVENT CAPITAL MANAGEMENT /DE/,225447AD3,13F-HR,2024-11-13,SOLE,WOLFSPEED INC,N/A,22429000,PRN,CONV,15745158
ADVENT CAPITAL MANAGEMENT /DE/,977852AD4,13F-HR,2024-11-13,SOLE,WOLFSPEED INC,N/A,78775000,PRN,CONV,29698175
ADVENT CAPITAL MANAGEMENT /DE/,977852102,13F-HR,2024-11-13,SOLE,Wolfspeed Inc,N/A,2600,SH,COM,25220
ADVENT CAPITAL MANAGEMENT /DE/,977852102,13F-HR,2024-11-13,SOLE,Wolfspeed Inc,Call,17500,SH,COM,169750
ALGERT GLOBAL LLC,977852102,13F-HR,2024-11-12,SOLE,WOLFSPEED INC,N/A,145216,SH,COM,1409
ALLIANCEBERNSTEIN L.P.,977852102,13F-HR,2024-11-14,DFND,WOLFSPEED INC,N/A,59392,SH,COM,576102
ALPS ADVISORS INC,977852102,13F-HR,2024-11-12,DFND,WOLFSPEED INC,N/A,268589,SH,COM,2605313
AMALGAMATED BANK,977852102,13F-HR,2024-10-30,SOLE,WOLFSPEED INC COM,N/A,39801,SH,COM,386
AMERIPRISE FINANCIAL INC,977852102,13F-HR,2024-11-14,DFND,WOLFSPEED INC,N/A,310043,SH,COM,3007418
AMERIPRISE FINANCIAL INC,977852102,13F-HR,2024-11-14,DFND,WOLFSPEED INC,N/A,43767,SH,COM,392530
AMERIPRISE FINANCIAL INC,977852102,13F-HR,2024-11-14,DFND,WOLFSPEED INC,N/A,136,SH,COM,1319
"ARISTEIA CAPITAL, L.L.C.",977852AD4,13F-HR,2024-11-14,SOLE,WOLFSPEED INC,N/A,16000000,PRN,NOTE 1.875%12/0,6032000
"ARISTEIA CAPITAL, L.L.C.",225447AD3,13F-HR,2024-11-14,SOLE,WOLFSPEED INC,N/A,24300000,PRN,NOTE 1.750% 5/0,17058600
"AXQ CAPITAL, LP",977852102,13F-HR,2024-11-14,SOLE,WOLFSPEED INC,N/A,111909,SH,COM,1085517
"AdvisorNet Financial, Inc",977852102,13F-HR,2024-10-15,SOLE,CREE INC,N/A,24537,SH,Stock,238009
Aequim Alternative Investments LP,977852102,13F-HR,2024-11-15,SOLE,WOLFSPEED INC,N/A,196836,SH,COM,1909309
Alken Asset Management Ltd,977852AB8,13F-HR,2024-10-11,SOLE,Wolfspeed 0.250 15-Fe,N/A,1550,PRN,US DOMESTIC,607
Allworth Financial LP,977852102,13F-HR,2024-10-23,SOLE,WOLFSPEED INC,N/A,5111,SH,COM,49577
"Alpine Global Management, LLC",977852AB8,13F-HR,2024-11-14,SOLE,WOLFSPEED INC,N/A,6000,SH,NOTE 0.250% 2/1,2338275
"Alpine Global Management, LLC",977852AD4,13F-HR,2024-11-14,SOLE,WOLFSPEED INC,N/A,3136,SH,NOTE 1.875%12/0,1144633
"Alpine Global Management, LLC",225447AD3,13F-HR,2024-11-14,SOLE,WOLFSPEED INC,N/A,6000,SH,NOTE 1.750% 5/0,4217058
Amundi,977852AD4,13F-HR,2024-11-13,DFND,WOLFSPEED INC,N/A,3000000,PRN,SR GLBL COCO 29,1152000
Ancora Advisors LLC,977852102,13F-HR,2024-11-14,SOLE,WOLFSPEED INC,N/A,35,SH,COM,339
Aquatic Capital Management LLC,977852102,13F-HR,2024-11-14,SOLE,WOLFSPEED INC,N/A,271826,SH,COM,2636712
Arizona State Retirement System,977852102,13F-HR,2024-11-12,SOLE,WOLFSPEED INC,N/A,36239,SH,COM,351518
Artisan Partners Limited Partnership,977852102,13F-HR,2024-11-12,SOLE,WOLFSPEED INC,N/A,3720562,SH,COM,36089451
"Aspire Private Capital, LLC",977852102,13F-HR,2024-10-25,OTR,WOLFSPEED INC,N/A,3800,SH,COM,36860
"Asset Management One Co., Ltd.",977852102,13F-HR,2024-10-30,DFND,WOLFSPEED INC,N/A,7067,SH,COM,68550
BALDWIN WEALTH PARTNERS LLC/MA,977852102,13F-HR,2024-10-16,SOLE,WOLFSPEED INC,N/A,700,SH,COM,6790
BALYASNY ASSET MANAGEMENT L.P.,977852102,13F-HR,2024-11-14,SOLE,WOLFSPEED INC,Call,500000,SH,COM,4850000
BALYASNY ASSET MANAGEMENT L.P.,977852AB8,13F-HR,2024-11-14,SOLE,WOLFSPEED INC,N/A,12000000,PRN,NOTE  0.250% 2/1,4801380
BALYASNY ASSET MANAGEMENT L.P.,225447AD3,13F-HR,2024-11-14,SOLE,WOLFSPEED INC,N/A,4000000,PRN,NOTE  1.750% 5/0,2834620
BALYASNY ASSET MANAGEMENT L.P.,977852AD4,13F-HR,2024-11-14,SOLE,WOLFSPEED INC,N/A,7500000,PRN,NOTE  1.875%12/0,2828250
BANK OF AMERICA CORP /DE/,225447AD3,13F-HR,2024-11-14,DFND,WOLFSPEED INC,N/A,3000,PRN,NOTE  1.750% 5/0,2091
BANK OF AMERICA CORP /DE/,225447AD3,13F-HR,2024-11-14,DFND,WOLFSPEED INC,N/A,290000,PRN,NOTE  1.750% 5/0,202130
BANK OF AMERICA CORP /DE/,225447AD3,13F-HR,2024-11-14,DFND,WOLFSPEED INC,N/A,3000,PRN,NOTE  1.750% 5/0,2091
BANK OF AMERICA CORP /DE/,977852102,13F-HR,2024-11-14,DFND,WOLFSPEED INC,N/A,492372,SH,COM,4776009
BANK OF AMERICA CORP /DE/,977852102,13F-HR,2024-11-14,DFND,WOLFSPEED INC,N/A,7023,SH,COM,68123
BANK OF AMERICA CORP /DE/,977852102,13F-HR,2024-11-14,DFND,WOLFSPEED INC,N/A,32592,SH,COM,316142
BANK OF AMERICA CORP /DE/,977852102,13F-HR,2024-11-14,DFND,WOLFSPEED INC,Call,277700,SH,COM,2693690
BANK OF AMERICA CORP /DE/,977852102,13F-HR,2024-11-14,DFND,WOLFSPEED INC,Put,177200,SH,COM,1718840
BANK OF AMERICA CORP /DE/,977852102,13F-HR,2024-11-14,DFND,WOLFSPEED INC,Put,500,SH,COM,4850
BANK OF AMERICA CORP /DE/,977852102,13F-HR,2024-11-14,DFND,WOLFSPEED INC,N/A,18,SH,COM,175
BANK OF AMERICA CORP /DE/,977852102,13F-HR,2024-11-14,DFND,WOLFSPEED INC,N/A,24,SH,COM,233
BANK OF AMERICA CORP /DE/,977852AB8,13F-HR,2024-11-14,DFND,WOLFSPEED INC,N/A,473000,PRN,NOTE  0.250% 2/1,185889
BANK OF MONTREAL /CAN/,225447AD3,13F-HR,2024-11-13,DFND,WOLFSPEED INC,N/A,2800000,PRN,NOTE  1.750% 5/0,1984388
BANK OF MONTREAL /CAN/,977852102,13F-HR,2024-11-13,DFND,WOLFSPEED INC,N/A,12490,SH,COM,127148
BANK OF MONTREAL /CAN/,977852102,13F-HR,2024-11-13,DFND,WOLFSPEED INC,N/A,3984,SH,COM,40557
BANK OF MONTREAL /CAN/,977852102,13F-HR,2024-11-13,DFND,WOLFSPEED INC,N/A,3286,SH,COM,33451
BANK OF MONTREAL /CAN/,977852102,13F-HR,2024-11-13,DFND,WOLFSPEED INC,N/A,500,SH,COM,5090
BANK OF MONTREAL /CAN/,977852102,13F-HR,2024-11-13,DFND,WOLFSPEED INC,N/A,423049,SH,COM,4306639
BARCLAYS PLC,977852102,13F-HR,2024-11-15,SOLE,WOLFSPEED INC,N/A,264929,SH,COM,2570
BARCLAYS PLC,977852AB8,13F-HR,2024-11-15,SOLE,WOLFSPEED INC,N/A,747000,PRN,BOND,299
BARCLAYS PLC,977852102,13F-HR,2024-11-15,SOLE,WOLFSPEED INC,Call,82300,SH,OPT,798
BARCLAYS PLC,977852102,13F-HR,2024-11-15,SOLE,WOLFSPEED INC,N/A,2121,SH,COM,21
BLAIR WILLIAM & CO/IL,977852102,13F-HR,2024-11-12,SOLE,WOLFSPEED INC,N/A,67049,SH,COM,650375
BLAIR WILLIAM & CO/IL,977852AB8,13F-HR,2024-11-12,SOLE,WOLFSPEED INC,N/A,500000,PRN,NOTE 0.250% 2/1,196500
"BlackRock, Inc.",225447AD3,13F-HR,2024-11-13,SOLE,WOLFSPEED INC,N/A,4901000,PRN,NOTE 1.750% 5/0,3415997
"BlackRock, Inc.",977852102,13F-HR,2024-11-13,SOLE,WOLFSPEED INC,N/A,198088,SH,COM,1921454
"BlackRock, Inc.",977852102,13F-HR,2024-11-13,SOLE,WOLFSPEED INC,N/A,647,SH,COM,6276
"BlackRock, Inc.",977852102,13F-HR,2024-11-13,SOLE,WOLFSPEED INC,N/A,28434,SH,COM,275810
"BlackRock, Inc.",977852102,13F-HR,2024-11-13,SOLE,WOLFSPEED INC,N/A,77203,SH,COM,748869
"BlackRock, Inc.",977852102,13F-HR,2024-11-13,SOLE,WOLFSPEED INC,N/A,44841,SH,COM,434958
"BlackRock, Inc.",977852102,13F-HR,2024-11-13,SOLE,WOLFSPEED INC,N/A,11273176,SH,COM,109349807
"BlackRock, Inc.",977852102,13F-HR,2024-11-13,SOLE,WOLFSPEED INC,N/A,3162110,SH,COM,30672467
"BlackRock, Inc.",977852102,13F-HR,2024-11-13,SOLE,WOLFSPEED INC,N/A,25057,SH,COM,243053
"BlackRock, Inc.",977852102,13F-HR,2024-11-13,SOLE,WOLFSPEED INC,N/A,43572,SH,COM,422648
"BlackRock, Inc.",977852102,13F-HR,2024-11-13,SOLE,WOLFSPEED INC,N/A,9241,SH,COM,89638
"BlackRock, Inc.",977852102,13F-HR,2024-11-13,SOLE,WOLFSPEED INC,N/A,381840,SH,COM,3703848
"BlackRock, Inc.",977852102,13F-HR,2024-11-13,SOLE,WOLFSPEED INC,N/A,1518,SH,COM,14725
"BlackRock, Inc.",977852102,13F-HR,2024-11-13,SOLE,WOLFSPEED INC,N/A,11539,SH,COM,111928
"BlackRock, Inc.",977852102,13F-HR,2024-11-13,SOLE,WOLFSPEED INC,N/A,26197,SH,COM,254111
"BlackRock, Inc.",977852102,13F-HR,2024-11-13,SOLE,WOLFSPEED INC,N/A,425060,SH,COM,4123082
"BlackRock, Inc.",977852AB8,13F-HR,2024-11-13,SOLE,WOLFSPEED INC,N/A,5700000,PRN,NOTE 0.250% 2/1,2240100
"BlackRock, Inc.",977852AD4,13F-HR,2024-11-13,SOLE,WOLFSPEED INC,N/A,14293000,PRN,NOTE 1.875%12/0,5316996
"Blue Trust, Inc.",977852102,13F-HR,2024-10-17,DFND,WOLFSPEED INC,N/A,33,SH,COM,751
Brevan Howard Capital Management LP,977852102,13F-HR,2024-11-14,DFND,WOLFSPEED INC,Call,200000,SH,COM,1940000
Brevan Howard Capital Management LP,977852AB8,13F-HR,2024-11-14,DFND,WOLFSPEED INC,N/A,7000000,PRN,NOTE 0.250% 2/1,2660000
Brevan Howard Capital Management LP,225447AD3,13F-HR,2024-11-14,DFND,WOLFSPEED INC,N/A,2000000,PRN,NOTE 1.750% 5/0,1335000
"Bridgefront Capital, LLC",977852102,13F-HR,2024-11-14,SOLE,WOLFSPEED INC,N/A,24271,SH,COM,235429
"Bruce G. Allen Investments, LLC",977852102,13F-HR,2024-10-08,SOLE,WOLFSPEED INC COM,N/A,28,SH,Stock,272
CAMDEN ASSET MANAGEMENT L P /CA,977852AD4,13F-HR,2024-11-13,SOLE,WOLFSPEED INC NOTE 1.875PERCENT12/0,N/A,74025000,PRN,CNV,27537300
CANADA PENSION PLAN INVESTMENT BOARD,977852102,13F-HR,2024-11-14,SOLE,WOLFSPEED INC,N/A,2200,SH,Common Stock,21340
CAPITAL FUND MANAGEMENT S.A.,977852102,13F-HR,2024-11-13,SOLE,WOLFSPEED INC,N/A,521673,SH,COM,5060228
CAPITAL FUND MANAGEMENT S.A.,977852102,13F-HR,2024-11-13,SOLE,WOLFSPEED INC,Call,1387200,SH,COM,13455840
CAPITAL FUND MANAGEMENT S.A.,977852102,13F-HR,2024-11-13,SOLE,WOLFSPEED INC,Put,437500,SH,COM,4243750
CAPITAL INTERNATIONAL LTD /CA/,977852102,13F-HR,2024-11-13,DFND,WOLFSPEED INC,N/A,57449,SH,COM,557255
"CAPSTONE INVESTMENT ADVISORS, LLC",977852102,13F-HR,2024-11-14,SOLE,WOLFSPEED INC,Put,518100,SH,COM,5025570
"CAPSTONE INVESTMENT ADVISORS, LLC",977852102,13F-HR,2024-11-14,SOLE,WOLFSPEED INC,N/A,5033,SH,COM,48820
"CAPSTONE INVESTMENT ADVISORS, LLC",977852AD4,13F-HR,2024-11-14,SOLE,WOLFSPEED INC,N/A,12000000,PRN,NOTE 1.875%12/0,4524000
"CAPSTONE INVESTMENT ADVISORS, LLC",977852AB8,13F-HR,2024-11-14,SOLE,WOLFSPEED INC,N/A,16000000,PRN,NOTE 0.250% 2/1,6368000
CHARLES SCHWAB INVESTMENT MANAGEMENT INC,977852102,13F-HR,2024-11-12,SOLE,WOLFSPEED INC,N/A,871191,SH,COM,8450553
"CHOREO, LLC",977852AD4,13F-HR,2024-11-07,SOLE,WOLFSPEED INC,N/A,79000,SH,NOTE  1.875%12/0,29570
CIBC Private Wealth Group LLC,977852102,13F-HR,2024-11-13,SOLE,Wolfspeed Inc,N/A,86814,SH,COM,842096
CITADEL ADVISORS LLC,225447AD3,13F-HR,2024-11-14,DFND,WOLFSPEED INC,N/A,5000000,PRN,NOTE  1.750% 5/0,3520336
CITADEL ADVISORS LLC,977852AB8,13F-HR,2024-11-14,DFND,WOLFSPEED INC,N/A,5000000,PRN,NOTE  0.250% 2/1,2001409
CITADEL ADVISORS LLC,977852102,13F-HR,2024-11-14,DFND,WOLFSPEED INC,Call,1851900,SH,COM,17963430
CITADEL ADVISORS LLC,977852102,13F-HR,2024-11-14,DFND,WOLFSPEED INC,Put,150000,SH,COM,1455000
CITADEL ADVISORS LLC,977852102,13F-HR,2024-11-14,DFND,WOLFSPEED INC,Put,1573800,SH,COM,15265860
CITADEL ADVISORS LLC,977852102,13F-HR,2024-11-14,DFND,WOLFSPEED INC,N/A,1673253,SH,COM,16230554
CITADEL ADVISORS LLC,977852102,13F-HR,2024-11-14,DFND,WOLFSPEED INC,N/A,78104,SH,COM,757609
CITIGROUP INC,977852AB8,13F-HR,2024-11-12,DFND,WOLFSPEED INC,N/A,3076000,PRN,NOTE  0.250% 2/1,1208868
CITIGROUP INC,977852AD4,13F-HR,2024-11-12,DFND,WOLFSPEED INC,N/A,6000,PRN,NOTE  1.875%12/0,2232
CITIGROUP INC,977852102,13F-HR,2024-11-12,DFND,WOLFSPEED INC,N/A,1320,SH,COM,12804
CITIGROUP INC,977852102,13F-HR,2024-11-12,DFND,WOLFSPEED INC,N/A,193544,SH,COM,1877377
CITIGROUP INC,977852102,13F-HR,2024-11-12,DFND,WOLFSPEED INC,N/A,24003,SH,COM,232829
COMERICA BANK,977852102,13F-HR,2024-11-14,DFND,WOLFSPEED INC,N/A,18,SH,COM,175
COMERICA BANK,977852102,13F-HR,2024-11-14,SOLE,WOLFSPEED INC,N/A,71953,SH,COM,697944
COMERICA BANK,977852AB8,13F-HR,2024-11-14,DFND,WOLFSPEED INC,N/A,6000,SH,NOTE  0.250% 2/1,2358
COMERICA BANK,977852AB8,13F-HR,2024-11-14,SOLE,WOLFSPEED INC,N/A,66000,SH,NOTE  0.250% 2/1,25938
"COMMONWEALTH EQUITY SERVICES, LLC",977852102,13F-HR,2024-10-18,SOLE,WOLFSPEED INC,N/A,13603,SH,COM,132
"CONCOURSE FINANCIAL GROUP SECURITIES, INC.",225447AD3,13F-HR,2024-10-10,SOLE,CREE INC,N/A,0,SH,NOTE  1.750% 5/0,0
"CONCOURSE FINANCIAL GROUP SECURITIES, INC.",977852102,13F-HR,2024-10-10,SOLE,WOLFSPEED INC,N/A,0,SH,COM,0
"CONCOURSE FINANCIAL GROUP SECURITIES, INC.",977852902,13F-HR,2024-10-10,SOLE,WOLFSPEED INC,Call,0,SH,CALL,0
"CONCOURSE FINANCIAL GROUP SECURITIES, INC.",977852952,13F-HR,2024-10-10,SOLE,WOLFSPEED INC,Put,0,SH,PUT,0
"CONCOURSE FINANCIAL GROUP SECURITIES, INC.",977852AB8,13F-HR,2024-10-10,SOLE,WOLFSPEED INC,N/A,0,SH,NOTE  0.250% 2/1,0
"CONCOURSE FINANCIAL GROUP SECURITIES, INC.",977852AD4,13F-HR,2024-10-10,SOLE,WOLFSPEED INC,N/A,0,SH,NOTE  1.875%12/0,0
"CWM, LLC",977852102,13F-HR,2024-10-08,SOLE,WOLFSPEED INC,N/A,4016,SH,COM,39
"Caitlin John, LLC",977852102,13F-HR,2024-11-14,SOLE,WOLFSPEED INC COM,N/A,1346,SH,Stock,10862
"Caitlin John, LLC",977852102,13F-HR,2024-11-14,SOLE,WOLFSPEED INC COM,Call,100,SH,Stock,807
"Caitlin John, LLC",977852102,13F-HR,2024-11-14,SOLE,WOLFSPEED INC COM,Call,1500,SH,Stock,12105
"Cambridge Investment Research Advisors, Inc.",977852102,13F-HR,2024-10-28,SOLE,WOLFSPEED,N/A,10617,SH,INC  COM,103
Capital Group Investment Management Pte. Ltd.,977852102,13F-HR,2024-11-13,DFND,WOLFSPEED INC,N/A,12498,SH,COM,121231
Capital International Investors,977852102,13F-HR,2024-11-13,DFND,WOLFSPEED INC,N/A,7797556,SH,COM,75636293
Capital International Sarl,977852102,13F-HR,2024-11-13,DFND,WOLFSPEED INC,N/A,53227,SH,COM,516302
"Capital International, Inc./CA/",977852102,13F-HR,2024-11-13,DFND,WOLFSPEED INC,N/A,249829,SH,COM,2423341
"Capital Investment Advisory Services, LLC",977852102,13F-HR,2024-10-30,SOLE,WOLFSPEED INC,N/A,11800,SH,COM,114460
Capital Research Global Investors,977852102,13F-HR,2024-11-13,DFND,WOLFSPEED INC,N/A,9282739,SH,COM,90042568
Capital World Investors,977852102,13F-HR,2024-11-13,DFND,WOLFSPEED INC,N/A,789814,SH,COM,7661196
CastleKnight Management LP,225447AD3,13F-HR,2024-11-14,SOLE,WOLFSPEED INC,N/A,4000000,PRN,NOTE 1.750% 5/0,2861220
CastleKnight Management LP,977852AB8,13F-HR,2024-11-14,SOLE,WOLFSPEED INC,N/A,15500000,PRN,NOTE 0.250% 2/1,6234488
Cerity Partners LLC,977852102,13F-HR,2024-11-12,SOLE,WOLFSPEED INC,N/A,11945,SH,Stock,115866
Cinctive Capital Management LP,977852102,13F-HR,2024-11-14,SOLE,WOLFSPEED INC,N/A,37800,SH,COM,366660
"Clearbridge Investments, LLC",977852102,13F-HR,2024-11-12,SOLE,Wolfspeed Inc,N/A,72552,SH,COM,703754
"Connor, Clark & Lunn Investment Management Ltd.",977852102,13F-HR,2024-11-08,SOLE,WOLFSPEED INC,N/A,833201,SH,COM,8082050
"Corebridge Financial, Inc.",977852102,13F-HR,2024-11-13,SOLE,WOLFSPEED INC,N/A,5872,SH,COM,56958
Corient Private Wealth LLC,977852102,13F-HR,2024-11-12,SOLE,WOLFSPEED INC,N/A,11231,SH,COM,108942
"Cresset Asset Management, LLC",977852102,13F-HR,2024-11-14,DFND,WOLFSPEED INC,N/A,12651,SH,COM,122715
"Cresset Asset Management, LLC",977852102,13F-HR,2024-11-14,SOLE,WOLFSPEED INC,N/A,40,SH,COM,388
"Crestline Management, LP",977852102,13F-HR,2024-11-13,SOLE,WOLFSPEED INC,N/A,17832,SH,COM,172970
"Cubist Systematic Strategies, LLC",977852102,13F-HR,2024-11-14,DFND,WOLFSPEED INC,Call,207500,SH,COM,2012750
"Cubist Systematic Strategies, LLC",977852102,13F-HR,2024-11-14,DFND,WOLFSPEED INC,Put,462400,SH,COM,4485280
"D. E. Shaw & Co., Inc.",977852102,13F-HR,2024-11-14,DFND,WOLFSPEED INC,N/A,4439820,SH,COM,43066254
"D. E. Shaw & Co., Inc.",977852AD4,13F-HR,2024-11-14,DFND,WOLFSPEED INC,N/A,52400000,PRN,NOTE  1.875%12/0,19693702
"D. E. Shaw & Co., Inc.",977852102,13F-HR,2024-11-14,DFND,WOLFSPEED INC,N/A,650405,SH,COM,6308929
"D. E. Shaw & Co., Inc.",977852102,13F-HR,2024-11-14,DFND,WOLFSPEED INC,Put,545000,SH,COM,5286500
D.A. DAVIDSON & CO.,977852102,13F-HR,2024-11-13,SOLE,WOLFSPEED INC,N/A,90786,SH,COM,880624
DAVIDSON KEMPNER CAPITAL MANAGEMENT LP,977852AD4,13F-HR,2024-11-14,SOLE,WOLFSPEED INC,N/A,75000000,PRN,NOTE  1.875%12/0,27900000
"DCF Advisers, LLC",977852102,13F-HR,2024-11-13,SOLE,WOLFSPEED INC,N/A,20600,SH,COM,199820
DEUTSCHE BANK AG\,977852102,13F-HR,2024-11-13,DFND,WOLFSPEED INC,N/A,4609,SH,COM,44707
DIMENSIONAL FUND ADVISORS LP,977852102,13F-HR,2024-11-07,SOLE,WOLFSPEED INC,N/A,390359,SH,COM,3786482
DIMENSIONAL FUND ADVISORS LP,977852102,13F-HR,2024-11-07,DFND,WOLFSPEED INC,N/A,8564,SH,COM,83071
DIMENSIONAL FUND ADVISORS LP,977852102,13F-HR,2024-11-07,DFND,WOLFSPEED INC,N/A,12484,SH,COM,122706
DIMENSIONAL FUND ADVISORS LP,977852102,13F-HR,2024-11-07,DFND,WOLFSPEED INC,N/A,333,SH,COM,3230
DIMENSIONAL FUND ADVISORS LP,977852102,13F-HR,2024-11-07,DFND,WOLFSPEED INC,N/A,62575,SH,COM,606978
"DT Investment Partners, LLC",977852102,13F-HR,2024-10-23,SOLE,WOLFSPEED INC,N/A,191,SH,COM,1853
Daiwa Securities Group Inc.,977852AD4,13F-HR,2024-11-12,DFND,WOLFSPEED INC,N/A,8000000,PRN,NOTE  1.875%12/0,2974
DeepCurrents Investment Group LLC,225447AD3,13F-HR,2024-11-14,SOLE,WOLFSPEED INC,N/A,14244000,PRN,NOTE  1.750% 5/0,10184460
DeepCurrents Investment Group LLC,977852AD4,13F-HR,2024-11-14,SOLE,WOLFSPEED INC,N/A,17883000,PRN,NOTE  1.875%12/0,6744251
DeepCurrents Investment Group LLC,977852AB8,13F-HR,2024-11-14,SOLE,WOLFSPEED INC,N/A,2962000,PRN,NOTE  0.250% 2/1,1189708
DeepCurrents Investment Group LLC,977852AD4,13F-HR,2024-11-14,OTR,WOLFSPEED INC,N/A,6617000,PRN,NOTE  1.875%12/0,2495482
DeepCurrents Investment Group LLC,225447AD3,13F-HR,2024-11-14,OTR,WOLFSPEED INC,N/A,5756000,PRN,NOTE  1.750% 5/0,4068283
DeepCurrents Investment Group LLC,977852AB8,13F-HR,2024-11-14,OTR,WOLFSPEED INC,N/A,1098000,PRN,NOTE  0.250% 2/1,441019
DekaBank Deutsche Girozentrale,977852102,13F-HR,2024-10-24,DFND,WOLFSPEED INC,N/A,72690,SH,COM,722
EASTERN BANK,977852102,13F-HR,2024-10-21,SOLE,Wolfspeed Inc,N/A,2820,SH,COM,27354
EVERENCE CAPITAL MANAGEMENT INC,977852102,13F-HR,2024-10-21,SOLE,WOLFSPEED INC,N/A,19930,SH,EQTY,193
"Elequin Capital, LP",977852102,13F-HR,2024-11-14,SOLE,WOLFSPEED INC,N/A,330,SH,COM,3201
Erste Asset Management GmbH,977852102,13F-HR,2024-11-14,SOLE,"WOLFSPEED, INC.",N/A,447199,SH,Common Stock,4542439
Erste Asset Management GmbH,225447101,13F-HR,2024-11-25,SOLE,WOLFSPEED INC.,N/A,8210,SH,Common Stock,514849
Erste Asset Management GmbH,225447101,13F-HR,2024-11-25,SOLE,WOLFSPEED INC.,N/A,40090,SH,Common Stock,4116842
Erste Asset Management GmbH,225447101,13F-HR,2024-11-25,SOLE,WOLFSPEED INC.,N/A,18930,SH,Common Stock,1849546
Erste Asset Management GmbH,225447101,13F-HR,2024-11-25,SOLE,WOLFSPEED INC.,N/A,59870,SH,Common Stock,6076206
Erste Asset Management GmbH,225447101,13F-HR,2024-11-25,SOLE,"CREE, INC.",N/A,72040,SH,Common Stock,5765361
Erste Asset Management GmbH,977852102,13F-HR,2024-11-25,SOLE,"WOLFSPEED, INC.",N/A,80750,SH,Common Stock,8803365
Erste Asset Management GmbH,977852102,13F-HR,2024-11-25,SOLE,"WOLFSPEED, INC.",N/A,80750,SH,Common Stock,9334700
Erste Asset Management GmbH,977852102,13F-HR,2024-11-26,SOLE,"WOLFSPEED, INC.",N/A,368404,SH,Common Stock,13918899
Erste Asset Management GmbH,977852102,13F-HR,2024-11-26,SOLE,"WOLFSPEED, INC.",N/A,487159,SH,Common Stock,11306866
Erste Asset Management GmbH,977852102,13F-HR,2024-11-26,SOLE,"WOLFSPEED, INC.",N/A,501962,SH,Common Stock,14365330
Erste Asset Management GmbH,977852102,13F-HR,2024-11-26,SOLE,"WOLFSPEED, INC.",N/A,107406,SH,Common Stock,6955613
Erste Asset Management GmbH,977852102,13F-HR,2024-11-26,SOLE,"WOLFSPEED, INC.",N/A,455926,SH,Common Stock,20705534
Erste Asset Management GmbH,977852102,13F-HR,2024-11-26,SOLE,"WOLFSPEED, INC.",N/A,182615,SH,Common Stock,12644263
Erste Asset Management GmbH,977852102,13F-HR,2024-11-26,SOLE,"WOLFSPEED, INC.",N/A,107406,SH,Common Stock,11194927
Erste Asset Management GmbH,977852102,13F-HR,2024-11-26,SOLE,"WOLFSPEED, INC.",N/A,243138,SH,Common Stock,15453851
Erste Asset Management GmbH,977852102,13F-HR,2024-11-26,SOLE,"WOLFSPEED, INC.",N/A,274466,SH,Common Stock,15142289
"FAIRFIELD, BUSH & CO.",977852102,13F-HR,2024-11-12,SOLE,WOLFSPEED INC COM,N/A,17492,SH,Stock,169672
FARMERS & MERCHANTS INVESTMENTS INC,977852102,13F-HR,2024-10-25,SOLE,Wolfspeed Inc,N/A,55,SH,COM,534
FIFTH THIRD BANCORP,977852102,13F-HR,2024-10-17,DFND,WOLFSPEED INC,N/A,936,SH,COM,9079
FIL Ltd,977852102,13F-HR,2024-11-13,DFND,WOLFSPEED INC,N/A,21536,SH,COM,208899
FIL Ltd,977852AD4,13F-HR,2024-11-13,DFND,WOLFSPEED INC,N/A,4700000,PRN,NOTE  1.875%12/0,1748400
FIL Ltd,977852102,13F-HR,2024-11-13,DFND,WOLFSPEED INC,N/A,2848125,SH,COM,27626813
FIRST TRUST ADVISORS LP,977852102,13F-HR,2024-11-13,SOLE,WOLFSPEED INC,N/A,455797,SH,COM,4421230
FMR LLC,977852AD4,13F-HR,2024-11-13,DFND,WOLFSPEED INC,N/A,341665000,PRN,NOTE  1.875%12/0,127099380
FMR LLC,225447AD3,13F-HR,2024-11-13,DFND,WOLFSPEED INC,N/A,3630000,PRN,NOTE  1.750% 5/0,2530110
FMR LLC,977852102,13F-HR,2024-11-13,DFND,WOLFSPEED INC,N/A,1179812,SH,COM,11444176
FMR LLC,977852102,13F-HR,2024-11-13,DFND,WOLFSPEED INC,N/A,472248,SH,COM,4580806
FMR LLC,977852102,13F-HR,2024-11-13,DFND,WOLFSPEED INC,N/A,1067,SH,COM,10349
FMR LLC,977852AD4,13F-HR,2024-11-13,DFND,WOLFSPEED INC,N/A,9674000,PRN,NOTE  1.875%12/0,3598728
FMR LLC,977852AD4,13F-HR,2024-11-13,DFND,WOLFSPEED INC,N/A,16630000,PRN,NOTE  1.875%12/0,6186360
FMR LLC,977852AB8,13F-HR,2024-11-13,DFND,WOLFSPEED INC,N/A,28000,PRN,NOTE  0.250% 2/1,11004
FMR LLC,977852AD4,13F-HR,2024-11-13,DFND,WOLFSPEED INC,N/A,5645000,PRN,NOTE  1.875%12/0,2099940
FRANKLIN RESOURCES INC,977852102,13F-HR,2024-11-12,DFND,WOLFSPEED INC,N/A,173,SH,COM,1969
FRANKLIN RESOURCES INC,977852102,13F-HR,2024-11-12,DFND,WOLFSPEED INC,N/A,2659,SH,COM,30259
FRANKLIN RESOURCES INC,977852102,13F-HR,2024-11-12,DFND,WOLFSPEED INC,N/A,43726,SH,COM,497602
FRANKLIN RESOURCES INC,225447AD3,13F-HR,2024-11-12,DFND,WOLFSPEED INC,N/A,1000000,PRN,NOTE 1.750% 5/0,743017
FRANKLIN RESOURCES INC,977852AB8,13F-HR,2024-11-12,DFND,WOLFSPEED INC,N/A,38000000,PRN,NOTE 0.250% 2/1,17658600
FRANKLIN RESOURCES INC,977852AD4,13F-HR,2024-11-12,DFND,WOLFSPEED INC,N/A,45841000,PRN,NOTE 1.875%12/0,19894994
FRANKLIN RESOURCES INC,977852AD4,13F-HR,2024-11-12,DFND,WOLFSPEED INC,N/A,9231000,PRN,NOTE 1.875%12/0,4006254
FRANKLIN RESOURCES INC,977852AD4,13F-HR,2024-11-12,DFND,WOLFSPEED INC,N/A,1947000,PRN,NOTE 1.875%12/0,844998
FRONTIER CAPITAL MANAGEMENT CO LLC,977852102,13F-HR,2024-11-14,SOLE,WOLFSPEED INC,N/A,1055758,SH,COM,10240850
"Firsthand Capital Management, Inc.",977852102,13F-HR,2024-11-14,SOLE,WOLFSPEED INC,N/A,180000,SH,Common Stock,1746000
"Fore Capital, LLC",977852AB8,13F-HR,2024-11-12,SOLE,WOLFSPEED INC,N/A,1500000,PRN,NOTE  0.250% 2/1,597000
"Fore Capital, LLC",225447AD3,13F-HR,2024-11-12,SOLE,WOLFSPEED INC,N/A,1000000,PRN,NOTE  1.750% 5/0,702000
GABELLI FUNDS LLC,225447AD3,13F-HR,2024-11-13,SOLE,WOLFSPEED INC 1.750 05/01/26 CVT,N/A,1900000,PRN,BOND CONVERTIBLE,1359089
GABELLI FUNDS LLC,977852AD4,13F-HR,2024-11-13,SOLE,WOLFSPEED INC 1.875 12/01/29 CVT,N/A,5225000,PRN,BOND CONVERTIBLE,1970870
"GAMCO INVESTORS, INC. ET AL",225447AD3,13F-HR,2024-11-14,SOLE,WOLFSPEED INC 1.750 05/01/26 CVT,N/A,300000,PRN,BOND CONVERTIBLE,214593
GAMMA Investing LLC,977852102,13F-HR,2024-10-07,DFND,WOLFSPEED INC COM,N/A,4544,SH,Common Stock,44077
GROUP ONE TRADING LLC,977852102,13F-HR,2024-11-14,SOLE,WOLFSPEED INC,N/A,99707,SH,COM,967158
GROUP ONE TRADING LLC,977852902,13F-HR,2024-11-14,SOLE,WOLFSPEED INC,Call,425300,SH,COM,4125410
GROUP ONE TRADING LLC,977852952,13F-HR,2024-11-14,SOLE,WOLFSPEED INC,Put,689700,SH,COM,6690090
GSA CAPITAL PARTNERS LLP,977852102,13F-HR,2024-11-05,SOLE,WOLFSPEED INC,N/A,58986,SH,COM,572
GTS SECURITIES LLC,977852102,13F-HR,2024-11-13,DFND,WOLFSPEED INC,Put,95300,SH,COM,924410
GTS SECURITIES LLC,977852102,13F-HR,2024-11-13,DFND,WOLFSPEED INC,Call,203000,SH,COM,1969100
GTS SECURITIES LLC,977852102,13F-HR,2024-11-13,DFND,WOLFSPEED INC,N/A,10608,SH,COM,102898
GUGGENHEIM CAPITAL LLC,977852102,13F-HR,2024-11-13,DFND,WOLFSPEED INC,N/A,58791,SH,COM,570273
Geneos Wealth Management Inc.,977852102,13F-HR,2024-11-14,SOLE,WOLFSPEED INC,N/A,171,SH,COM,1659
"Global Retirement Partners, LLC",977852102,13F-HR,2024-10-16,SOLE,WOLFSPEED INC,N/A,514,SH,COM,4986
"Gotham Asset Management, LLC",977852102,13F-HR,2024-11-14,SOLE,WOLFSPEED INC,N/A,25520,SH,COM,247544
"Ground Swell Capital, LLC",977852102,13F-HR,2024-10-29,SOLE,WOLFSPEED INC,N/A,10216,SH,COM,99095
"HARBOR INVESTMENT ADVISORY, LLC",977852102,13F-HR,2024-10-04,SOLE,WOLFSPEED INC COM,N/A,29,SH,Stock,281
HEALTHCARE OF ONTARIO PENSION PLAN TRUST FUND,977852102,13F-HR,2024-11-13,SOLE,WOLFSPEED INC,N/A,146014,SH,COM,1416336
HRT FINANCIAL LP,977852102,13F-HR,2024-11-12,DFND,WOLFSPEED INC,N/A,392740,SH,COM,3809
HSBC HOLDINGS PLC,977852102,13F-HR,2024-11-14,SOLE,WOLFSPEED INC,N/A,6023,SH,COM,58363
HSBC HOLDINGS PLC,977852102,13F-HR,2024-11-14,DFND,WOLFSPEED INC,N/A,85486,SH,COM,832634
"HUSSMAN STRATEGIC ADVISORS, INC.",977852102,13F-HR,2024-11-01,SOLE,WOLFSPEED INC,N/A,105000,SH,COM,1018500
Hardman Johnston Global Advisors LLC,977852102,13F-HR,2024-10-30,SOLE,WOLFSPEED INC,N/A,254271,SH,COM,2466429
"HighTower Advisors, LLC",977852102,13F-HR,2024-11-14,SOLE,WOLFSPEED INC,N/A,12881,SH,COM,122000
"Holocene Advisors, LP",977852102,13F-HR,2024-11-14,SOLE,WOLFSPEED INC,N/A,55060,SH,COM,534082
Hudson Bay Capital Management LP,977852AD4,13F-HR,2024-11-13,SOLE,WOLFSPEED INC,N/A,11269000,PRN,NOTE 1.875%12/0,4226508
INCEPTIONR LLC,977852102,13F-HR,2024-11-08,SOLE,WOLFSPEED INC,N/A,15340,SH,COM,148798
IQ EQ FUND MANAGEMENT (IRELAND) Ltd,977852102,13F-HR,2024-10-16,SOLE,WOLFSPEED INC COM,N/A,42933,SH,COM,416450
IRIDIAN ASSET MANAGEMENT LLC/CT,977852102,13F-HR,2024-10-25,SOLE,WOLFSPEED INC,N/A,521158,SH,COM,5055233
"Inspire Investing, LLC",977852102,13F-HR,2024-10-10,SOLE,WOLFSPEED INC,N/A,42906,SH,COM,416188
Invesco Ltd.,225447AD3,13F-HR,2024-11-12,DFND,WOLFSPEED INC,N/A,4000000,PRN,NOTE  1.750% 5/0,2788000
Invesco Ltd.,977852102,13F-HR,2024-11-12,DFND,WOLFSPEED INC,N/A,12,SH,COM,116
Invesco Ltd.,977852102,13F-HR,2024-11-12,DFND,WOLFSPEED INC,N/A,686,SH,COM,6654
Invesco Ltd.,977852102,13F-HR,2024-11-12,DFND,WOLFSPEED INC,N/A,88641,SH,COM,859818
Invesco Ltd.,977852102,13F-HR,2024-11-12,DFND,WOLFSPEED INC,N/A,3793,SH,COM,36792
Invesco Ltd.,977852102,13F-HR,2024-11-12,DFND,WOLFSPEED INC,N/A,1188699,SH,COM,11530380
Invesco Ltd.,977852102,13F-HR,2024-11-12,DFND,WOLFSPEED INC,N/A,796,SH,COM,7721
Itau Unibanco Holding S.A.,977852102,13F-HR,2024-11-14,DFND,WOLFSPEED INC,N/A,870,SH,COM,8439
"JANA Partners Management, LP",977852102,13F-HR,2024-11-14,SOLE,WOLFSPEED INC,N/A,6165933,SH,COM,59809550
JANUS HENDERSON GROUP PLC,977852102,13F-HR,2024-11-14,DFND,WOLFSPEED INC,N/A,61300,SH,COM,594304
JANUS HENDERSON GROUP PLC,977852102,13F-HR,2024-11-14,DFND,WOLFSPEED INC,N/A,74076,SH,COM,718537
JDM Financial Group LLC,977852102,13F-HR,2024-11-18,SOLE,CREE INC,N/A,100,SH,Stock,970
JONES FINANCIAL COMPANIES LLLP,977852102,13F-HR,2024-11-12,SOLE,WOLFSPEED INC,N/A,286,SH,COMMON STOCK,2911
Janney Montgomery Scott LLC,977852102,13F-HR,2024-10-29,SOLE,WOLFSPEED INC,N/A,10808,SH,Common Stock,105
"Jump Financial, LLC",977852AD4,13F-HR,2024-11-14,DFND,Wolfspeed Inc,N/A,2000000,PRN,Convertible bond,744000
"Jump Financial, LLC",225447AD3,13F-HR,2024-11-14,DFND,Wolfspeed Inc,N/A,1000000,PRN,Convertible bond,697000
"Jump Financial, LLC",977852AB8,13F-HR,2024-11-14,DFND,Wolfspeed Inc,N/A,1000000,PRN,Convertible bond,393000
KBC Group NV,977852102,13F-HR,2024-11-06,DFND,WOLFSPEED INC,N/A,3435,SH,COM,33
Key FInancial Inc,977852102,13F-HR,2024-10-29,SOLE,WOLFSPEED INC,N/A,18,SH,COM,175
LAZARD ASSET MANAGEMENT LLC,977852102,13F-HR,2024-11-14,SOLE,WOLFSPEED INC,N/A,24,SH,Common Stock,0
LGT Financial Advisors LLC,977852102,13F-HR,2024-10-31,SOLE,WOLFSPEED INC,N/A,844,SH,COM,8187
LMR Partners LLP,977852102,13F-HR,2024-11-07,SOLE,WOLFSPEED INC,Put,1240000,SH,COM,12028000
LMR Partners LLP,225447AD3,13F-HR,2024-11-07,SOLE,WOLFSPEED INC,N/A,10000000,PRN,NOTE  1.750% 5/0,6956200
LMR Partners LLP,977852AB8,13F-HR,2024-11-07,SOLE,WOLFSPEED INC,N/A,11000000,PRN,NOTE  0.250% 2/1,4424420
LOOMIS SAYLES & CO L P,977852AB8,13F-HR,2024-11-13,DFND,WOLFSPEED INC CVT,N/A,31637,SH,CV BND,307
LOOMIS SAYLES & CO L P,977852AB8,13F-HR,2024-11-13,DFND,WOLFSPEED INC CVT,N/A,5699,SH,CV BND,55
LOOMIS SAYLES & CO L P,977852AD4,13F-HR,2024-11-13,DFND,WOLFSPEED INC CVT,N/A,215048,SH,CV BND,2086
LOOMIS SAYLES & CO L P,977852AD4,13F-HR,2024-11-13,DFND,WOLFSPEED INC CVT,N/A,43657,SH,CV BND,423
Larson Financial Group LLC,977852102,13F-HR,2024-11-12,SOLE,WOLFSPEED INC,N/A,234,SH,COM,2270
Legal & General Group Plc,977852102,13F-HR,2024-11-14,DFND,WOLFSPEED INC,N/A,222774,SH,COM,2160910
Legal & General Group Plc,977852102,13F-HR,2024-11-14,DFND,WOLFSPEED INC,N/A,127726,SH,COM,1238941
Legal & General Group Plc,977852102,13F-HR,2024-11-14,DFND,WOLFSPEED INC,N/A,17536,SH,COM,170099
Lombard Odier Asset Management (USA) Corp,225447AD3,13F-HR,2024-11-14,OTR,WOLFSPEED INC,N/A,960000,PRN,NOTE 1.750% 5/0,686693
M&T BANK CORP,977852102,13F-HR,2024-11-15,DFND,WOLFSPEED INC,N/A,355,SH,COM,3444
M&T BANK CORP,977852102,13F-HR,2024-11-15,DFND,WOLFSPEED INC,N/A,650,SH,COM,6305
M&T BANK CORP,977852102,13F-HR,2024-11-15,DFND,WOLFSPEED INC,N/A,650,SH,COM,6000
M&T BANK CORP,977852102,13F-HR,2024-11-15,DFND,WOLFSPEED INC,N/A,1575,SH,COM,15278
M&T BANK CORP,977852102,13F-HR,2024-11-15,DFND,WOLFSPEED INC,N/A,395,SH,COM,3832
M&T BANK CORP,977852102,13F-HR,2024-11-15,DFND,WOLFSPEED INC,N/A,31670,SH,COM,307199
M&T BANK CORP,977852102,13F-HR,2024-11-15,DFND,WOLFSPEED INC,N/A,18337,SH,COM,177869
M&T BANK CORP,977852102,13F-HR,2024-11-15,DFND,WOLFSPEED INC,N/A,10590,SH,COM,102723
MACQUARIE GROUP LTD,977852AB8,13F-HR,2024-11-14,SOLE,WOLFSPEED INC,N/A,2750000,PRN,NOTE  0.250% 2/1,1095000
"MANUFACTURERS LIFE INSURANCE COMPANY, THE",977852102,13F-HR,2024-11-13,DFND,WOLFSPEED INC,N/A,47253,SH,COM,458354
"MARSHALL WACE, LLP",977852102,13F-HR,2024-11-14,OTR,WOLFSPEED INC,N/A,584914,SH,COMMON STOCK,5673666
"MARSHALL WACE, LLP",977852102,13F-HR,2024-11-14,OTR,WOLFSPEED INC,N/A,6800,SH,COMMON STOCK,65960
MASSMUTUAL TRUST CO FSB/ADV,977852102,13F-HR,2024-10-02,SOLE,Wolfspeed Inc,N/A,52,SH,Common / Ordinary Stock,504
MIRAE ASSET GLOBAL ETFS HOLDINGS Ltd.,977852102,13F-HR,2024-11-14,DFND,WOLFSPEED INC,N/A,10704,SH,COM,103829
MORGAN STANLEY,977852102,13F-HR,2024-11-14,DFND,WOLFSPEED INC,N/A,119660,SH,COM,1160702
MORGAN STANLEY,977852AB8,13F-HR,2024-11-14,DFND,WOLFSPEED INC,N/A,543000,PRN,NOTE  0.250% 2/1,213399
MORGAN STANLEY,977852AB8,13F-HR,2024-11-14,DFND,WOLFSPEED INC,N/A,612000,PRN,NOTE  0.250% 2/1,240516
MORGAN STANLEY,977852AB8,13F-HR,2024-11-14,DFND,WOLFSPEED INC,N/A,8000,PRN,NOTE  0.250% 2/1,3144
MORGAN STANLEY,977852AD4,13F-HR,2024-11-14,DFND,WOLFSPEED INC,N/A,1695000,PRN,NOTE  1.875%12/0,630540
MORGAN STANLEY,977852102,13F-HR,2024-11-14,DFND,WOLFSPEED INC,N/A,12956,SH,COM,125677
MORGAN STANLEY,977852102,13F-HR,2024-11-14,DFND,WOLFSPEED INC,N/A,48,SH,COM,466
MORGAN STANLEY,977852102,13F-HR,2024-11-14,DFND,WOLFSPEED INC,N/A,64203,SH,COM,622769
MORGAN STANLEY,977852102,13F-HR,2024-11-14,DFND,WOLFSPEED INC,N/A,540734,SH,COM,5245120
MORGAN STANLEY,977852102,13F-HR,2024-11-14,DFND,WOLFSPEED INC,N/A,2877346,SH,COM,27910256
MORGAN STANLEY,977852102,13F-HR,2024-11-14,DFND,WOLFSPEED INC,N/A,1,SH,COM,10
MORGAN STANLEY,977852102,13F-HR,2024-11-14,DFND,WOLFSPEED INC,N/A,70074,SH,COM,679718
MORGAN STANLEY,977852102,13F-HR,2024-11-14,DFND,WOLFSPEED INC,N/A,13176,SH,COM,127807
MORGAN STANLEY,977852102,13F-HR,2024-11-14,DFND,WOLFSPEED INC,N/A,586351,SH,COM,5687610
MORGAN STANLEY,977852102,13F-HR,2024-11-14,DFND,WOLFSPEED INC,N/A,132970,SH,COM,1289817
MORGAN STANLEY,225447AD3,13F-HR,2024-11-14,DFND,WOLFSPEED INC,N/A,2000,PRN,NOTE  1.750% 5/0,1394
MORGAN STANLEY,225447AD3,13F-HR,2024-11-14,DFND,WOLFSPEED INC,N/A,1061000,PRN,NOTE  1.750% 5/0,739517
MUTUAL OF AMERICA CAPITAL MANAGEMENT LLC,977852102,13F-HR,2024-11-06,SOLE,WOLFSPEED INC,N/A,18928,SH,COM,183602
Magnetar Financial LLC,977852AD4,13F-HR,2024-11-13,SOLE,WOLFSPEED INC,N/A,5330000,PRN,NOTE 1.875%12/0,2024665
"Marcum Wealth, LLC",977852AD4,13F-HR,2024-10-08,SOLE,WOLFSPEED INC,N/A,30000,PRN,NOTE 1.875%12/0,11160
"Mariner, LLC",977852102,13F-HR,2024-11-13,SOLE,WOLFSPEED INC,N/A,15490,SH,COM,151303
"MetLife Investment Management, LLC",977852102,13F-HR,2024-11-13,DFND,WOLFSPEED INC,N/A,2180,SH,COM,21146
"Mitsubishi UFJ Asset Management Co., Ltd.",977852102,13F-HR,2024-11-08,DFND,WOLFSPEED INC,N/A,76,SH,COM,737
Motley Fool Asset Management LLC,977852102,13F-HR,2024-11-14,SOLE,WOLFSPEED INC,N/A,45794,SH,Ordinary Shares,407109
NATIXIS,977852102,13F-HR,2024-11-13,SOLE,WOLFSPEED INC,N/A,97503,SH,COM,945779
NEW YORK STATE TEACHERS RETIREMENT SYSTEM,977852102,13F-HR,2024-10-25,SOLE,WOLFSPEED INC,N/A,145284,SH,COM,1409
NOMURA HOLDINGS INC,977852102,13F-HR,2024-11-14,DFND,WOLFSPEED INC,N/A,55943,SH,COM,542647
NOMURA HOLDINGS INC,977852102,13F-HR,2024-11-14,DFND,WOLFSPEED INC,Call,79000,SH,COM,766300
NOMURA HOLDINGS INC,977852102,13F-HR,2024-11-14,DFND,WOLFSPEED INC,Put,306000,SH,COM,2968200
NOMURA HOLDINGS INC,977852AB8,13F-HR,2024-11-14,DFND,WOLFSPEED INC,N/A,86017,SH,NOTE 0.250% 2/1,834365
"Nan Shan Life Insurance Co., Ltd.",977852102,13F-HR,2024-11-14,SOLE,WOLFSPEED INC,N/A,467602,SH,COM,4535739
Nebula Research & Development LLC,977852102,13F-HR,2024-11-14,SOLE,WOLFSPEED INC,N/A,56805,SH,COM,551009
Neuberger Berman Group LLC,977852102,13F-HR,2024-11-14,DFND,WOLFSPEED INC,N/A,2328273,SH,Common,22620865
Neuberger Berman Group LLC,977852102,13F-HR,2024-11-14,SOLE,WOLFSPEED INC,N/A,74311,SH,Common,720817
"NewEdge Advisors, LLC",977852102,13F-HR,2024-11-14,SOLE,WOLFSPEED INC,N/A,223,SH,Common Stock,2164
"Nuveen Asset Management, LLC",225447AD3,13F-HR,2024-11-14,DFND,WOLFSPEED INC,N/A,23500000,PRN,NOTE  1.750% 5/0,16379500
"Nuveen Asset Management, LLC",977852102,13F-HR,2024-11-14,DFND,WOLFSPEED INC,N/A,9008,SH,COM,87378
"Nuveen Asset Management, LLC",977852102,13F-HR,2024-11-14,DFND,WOLFSPEED INC,N/A,147092,SH,COM,1426792
"Nuveen Asset Management, LLC",977852102,13F-HR,2024-11-14,DFND,WOLFSPEED INC,N/A,499153,SH,COM,4841784
"OAK HARBOR WEALTH PARTNERS, LLC",977852102,13F-HR,2024-11-06,SOLE,WOLFSPEED INC,N/A,25178,SH,COM,244227
"OAK HARBOR WEALTH PARTNERS, LLC",977852102,13F-HR,2024-11-06,SOLE,WOLFSPEED INC,Call,600000,SH,COM,5820000
OCCUDO QUANTITATIVE STRATEGIES LP,977852102,13F-HR,2024-11-14,SOLE,WOLFSPEED INC,N/A,15437,SH,COM,149739
OREGON PUBLIC EMPLOYEES RETIREMENT FUND,977852102,13F-HR,2024-10-29,SOLE,WOLFSPEED INC,N/A,29600,SH,COM,287120
PANAGORA ASSET MANAGEMENT INC,977852102,13F-HR,2024-11-13,SOLE,WOLFSPEED INC,N/A,14060,SH,COM,136382
PARK CIRCLE Co,977852102,13F-HR,2024-11-08,SOLE,WOLFSPEED INC,N/A,550,SH,COM,5335
PEAK6 Investments LLC,977852102,13F-HR,2024-11-14,DFND,WOLFSPEED INC,Call,600400,SH,COM,5823880
PEAK6 Investments LLC,977852102,13F-HR,2024-11-14,DFND,WOLFSPEED INC,Put,302200,SH,COM,2931340
"PNC FINANCIAL SERVICES GROUP, INC.",977852102,13F-HR,2024-11-08,DFND,WOLFSPEED INC,N/A,11835,SH,COM,114800
"PNC FINANCIAL SERVICES GROUP, INC.",977852102,13F-HR,2024-11-08,DFND,WOLFSPEED INC,N/A,2636,SH,COM,25569
"PNC FINANCIAL SERVICES GROUP, INC.",977852102,13F-HR,2024-11-08,OTR,WOLFSPEED INC,N/A,2636,SH,COM,25569
"PNC FINANCIAL SERVICES GROUP, INC.",977852102,13F-HR,2024-11-08,DFND,WOLFSPEED INC,N/A,989,SH,COM,9593
"PNC FINANCIAL SERVICES GROUP, INC.",977852102,13F-HR,2024-11-08,DFND,WOLFSPEED INC COM,N/A,887,SH,Common Stock,8604
PRICE T ROWE ASSOCIATES INC /MD/,977852AB8,13F-HR,2024-11-14,SOLE,WOLFSPEED INC,N/A,38749000,PRN,CONV BND,15248
PRICE T ROWE ASSOCIATES INC /MD/,977852AB8,13F-HR,2024-11-14,DFND,WOLFSPEED INC,N/A,1057000,PRN,CONV BND,416
PRICE T ROWE ASSOCIATES INC /MD/,977852AD4,13F-HR,2024-11-14,SOLE,WOLFSPEED INC,N/A,167389000,PRN,CONV BND,61900
PRICE T ROWE ASSOCIATES INC /MD/,977852AD4,13F-HR,2024-11-14,DFND,WOLFSPEED INC,N/A,21110000,PRN,CONV BND,7807
PRICE T ROWE ASSOCIATES INC /MD/,977852102,13F-HR,2024-11-14,SOLE,WOLFSPEED INC,N/A,7820676,SH,COMM STK,75861
PRICE T ROWE ASSOCIATES INC /MD/,977852102,13F-HR,2024-11-14,DFND,WOLFSPEED INC,N/A,183461,SH,COMM STK,1780
PRIVATE TRUST CO NA,977852102,13F-HR,2024-11-13,DFND,Wolfspeed Inc Com,N/A,250,SH,Com,2425
PRUDENTIAL FINANCIAL INC,977852102,13F-HR,2024-11-14,DFND,WOLFSPEED INC,N/A,127599,SH,COM,1237710
PUBLIC SECTOR PENSION INVESTMENT BOARD,977852102,13F-HR,2024-11-14,SOLE,WOLFSPEED INC,N/A,267000,SH,COM,2589900
Paloma Partners Management Co,225447AD3,13F-HR,2024-11-14,OTR,WOLFSPEED INC,N/A,300000,PRN,NOTE  1.750% 5/0,213930
Paloma Partners Management Co,225447AD3,13F-HR,2024-11-14,DFND,WOLFSPEED INC,N/A,18517000,PRN,NOTE  1.750% 5/0,13204500
"Parallax Volatility Advisers, L.P.",977852102,13F-HR,2024-11-14,SOLE,WOLFSPEED INC,N/A,100183,SH,COM,971775
"Parallax Volatility Advisers, L.P.",977852102,13F-HR,2024-11-14,SOLE,WOLFSPEED INC,Call,14500,SH,COM,140650
"Parallax Volatility Advisers, L.P.",977852102,13F-HR,2024-11-14,SOLE,WOLFSPEED INC,Put,477200,SH,COM,4628840
Parkside Financial Bank & Trust,977852102,13F-HR,2024-11-07,SOLE,WOLFSPEED INC,N/A,159,SH,COM,1543
Parkside Financial Bank & Trust,977852102,13F-HR,2024-11-07,DFND,WOLFSPEED INC,N/A,191,SH,COM,1853
Pictet Asset Management Holding SA,977852102,13F-HR,2024-11-12,SOLE,WOLFSPEED INC,N/A,17438,SH,COM,169149
"Planned Solutions, Inc.",977852102,13F-HR,2024-10-09,SOLE,WOLFSPEED INC COM,N/A,700,SH,Stock,6790
"Point72 Asset Management, L.P.",977852102,13F-HR,2024-11-14,DFND,WOLFSPEED INC,Call,155000,SH,COM,1503500
"Point72 Asset Management, L.P.",977852102,13F-HR,2024-11-14,DFND,WOLFSPEED INC,Put,351500,SH,COM,3409550
"Point72 Asset Management, L.P.",225447AD3,13F-HR,2024-11-14,DFND,WOLFSPEED INC,N/A,5500000,PRN,NOTE  1.750% 5/0,3871523
"Point72 Asset Management, L.P.",977852AD4,13F-HR,2024-11-14,DFND,WOLFSPEED INC,N/A,18500000,PRN,NOTE  1.875%12/0,6981447
PointState Capital LP,225447AD3,13F-HR,2024-11-14,SOLE,WOLFSPEED INC,N/A,20000000,PRN,NOTE  1.750% 5/0,14265000
Portman Square Capital LLP,977852102,13F-HR,2024-10-16,SOLE,WOLFSPEED INC,Put,650000,SH,COM,6305000
Portman Square Capital LLP,977852102,13F-HR,2024-10-16,SOLE,WOLFSPEED INC,N/A,49634,SH,COM,481450
"Qsemble Capital Management, LP",977852102,13F-HR,2024-11-13,SOLE,WOLFSPEED INC,N/A,82631,SH,COM,801521
Quantbot Technologies LP,977852102,13F-HR,2024-11-13,SOLE,WOLFSPEED INC,N/A,26359,SH,COM,255682
"Quantitative Investment Management, LLC",977852102,13F-HR,2024-11-14,SOLE,Wolfspeed Inc,N/A,160948,SH,COM,1561
"Quent Capital, LLC",977852102,13F-HR,2024-10-04,SOLE,WOLFSPEED INC COM,N/A,30,SH,Stock,291
Quest Partners LLC,977852102,13F-HR,2024-11-07,SOLE,WOLFSPEED INC,N/A,37899,SH,COM,367620
RAYMOND JAMES & ASSOCIATES,977852102,13F-HR,2024-10-18,SOLE,WOLFSPEED INC,N/A,17367,SH,COM,168460
READYSTATE ASSET MANAGEMENT LP,977852AD4,13F-HR,2024-11-14,SOLE,WOLFSPEED INC,N/A,85500000,PRN,NOTE  1.875%12/0,32233500
RHUMBLINE ADVISERS,977852102,13F-HR,2024-11-12,SOLE,WOLFSPEED INC,N/A,294066,SH,COM,2852406
ROTHSCHILD INVESTMENT LLC,977852102,13F-HR,2024-10-18,SOLE,WOLFSPEED INC COM,N/A,13890,SH,Stock,134733
ROYAL BANK OF CANADA,977852102,13F-HR,2024-11-14,DFND,WOLFSPEED INC,N/A,235,SH,COM,2000
ROYAL BANK OF CANADA,977852102,13F-HR,2024-11-14,DFND,WOLFSPEED INC,N/A,31124,SH,COM,302000
ROYAL BANK OF CANADA,977852102,13F-HR,2024-11-14,SOLE,WOLFSPEED INC,N/A,2529,SH,COM,25000
"Raymond James Financial Services Advisors, Inc.",977852102,13F-HR,2024-10-18,SOLE,WOLFSPEED INC,N/A,11141,SH,COM,108068
Retirement Systems of Alabama,977852102,13F-HR,2024-12-06,SOLE,WOLFSPEED INC,N/A,80400,SH,COM,779880
Rheos Capital Works Inc.,977852102,13F-HR,2024-10-16,SOLE,"Wolfspeed, Inc.",N/A,427500,SH,COM,4147
"Royal Fund Management, LLC",977852102,13F-HR,2024-10-08,SOLE,WOLFSPEED INC,N/A,84400,SH,COM,818680
"Russell Investments Group, Ltd.",977852102,13F-HR,2024-11-13,DFND,Wolfspeed  Inc,N/A,833,SH,Common Stock,8082
"Russell Investments Group, Ltd.",977852102,13F-HR,2024-11-13,DFND,WOLFSPEED INC COM,N/A,262,SH,Common Stock,2541
SEI INVESTMENTS CO,977852102,13F-HR,2024-11-12,SOLE,WOLFSPEED INC,N/A,6647,SH,COM,64500
SEI INVESTMENTS CO,977852102,13F-HR,2024-11-12,SOLE,WOLFSPEED INC,N/A,89474,SH,COM,867898
"SEVEN EIGHT CAPITAL, LP",977852102,13F-HR,2024-11-12,SOLE,WOLFSPEED INC,N/A,469855,SH,COM,4557593
SHAH CAPITAL MANAGEMENT,977852102,13F-HR,2024-10-15,SOLE,WOLFSPEED INC,N/A,200000,SH,COM,1940000
SHERBROOKE PARK ADVISERS LLC,977852102,13F-HR,2024-11-14,SOLE,WOLFSPEED INC,N/A,71735,SH,COM,695830
SOROS FUND MANAGEMENT LLC,977852AB8,13F-HR,2024-11-14,SOLE,WOLFSPEED INC,N/A,108500000,PRN,NOTE 0.250% 2/1,43465431
SOROS FUND MANAGEMENT LLC,977852AD4,13F-HR,2024-11-14,SOLE,WOLFSPEED INC,N/A,131500000,PRN,NOTE 1.875%12/0,50458133
SOROS FUND MANAGEMENT LLC,225447AD3,13F-HR,2024-11-14,SOLE,WOLFSPEED INC,N/A,52000000,PRN,NOTE 1.750% 5/0,37128798
STATE OF WISCONSIN INVESTMENT BOARD,977852102,13F-HR,2024-11-14,SOLE,WOLFSPEED INC,N/A,175202,SH,COM,1699459
STATE STREET CORP,977852102,13F-HR,2024-11-14,DFND,WOLFSPEED INC,N/A,6694555,SH,COM,64937184
STATE STREET CORP,977852AB8,13F-HR,2024-11-14,DFND,WOLFSPEED INC,N/A,13142000,PRN,NOTE  0.250% 2/1,5218885
STATE STREET CORP,225447AD3,13F-HR,2024-11-14,DFND,WOLFSPEED INC,N/A,11560000,PRN,NOTE  1.750% 5/0,8239590
STATE STREET CORP,977852AD4,13F-HR,2024-11-14,DFND,WOLFSPEED INC,N/A,37461000,PRN,NOTE  1.875%12/0,14207895
STIFEL FINANCIAL CORP,977852102,13F-HR,2024-11-14,DFND,WOLFSPEED INC,N/A,108,SH,COM,1048
STIFEL FINANCIAL CORP,977852102,13F-HR,2024-11-14,DFND,WOLFSPEED INC,N/A,26304,SH,COM,255155
STIFEL FINANCIAL CORP,977852102,13F-HR,2024-11-14,DFND,WOLFSPEED INC,N/A,430,SH,COM,4171
SUMMIT SECURITIES GROUP LLC,977852102,13F-HR,2024-11-07,SOLE,WOLFSPEED INC,Call,17500,SH,COM,170
"SUSQUEHANNA INTERNATIONAL GROUP, LLP",977852102,13F-HR,2024-11-14,DFND,WOLFSPEED INC,N/A,10660,SH,COM,103402
"SUSQUEHANNA INTERNATIONAL GROUP, LLP",977852102,13F-HR,2024-11-14,DFND,WOLFSPEED INC,N/A,759940,SH,COM,7371418
"SUSQUEHANNA INTERNATIONAL GROUP, LLP",977852102,13F-HR,2024-11-14,DFND,WOLFSPEED INC,Put,2147500,SH,COM,20830750
"SUSQUEHANNA INTERNATIONAL GROUP, LLP",977852102,13F-HR,2024-11-14,DFND,WOLFSPEED INC,Call,917400,SH,COM,8898780
"SUSQUEHANNA INTERNATIONAL GROUP, LLP",977852AB8,13F-HR,2024-11-14,DFND,WOLFSPEED INC,N/A,18029000,PRN,NOTE   0.250% 2/1,7020493
"SUSQUEHANNA INTERNATIONAL GROUP, LLP",977852AD4,13F-HR,2024-11-14,DFND,WOLFSPEED INC,N/A,21945000,PRN,NOTE   1.875%12/0,8163540
"Sachetta, LLC",977852102,13F-HR,2024-11-08,SOLE,WOLFSPEED INC,N/A,70,SH,COM,679
Sculptor Capital LP,977852102,13F-HR,2024-11-14,SOLE,WOLFSPEED INC,Put,276100,SH,COM,2678170
Sculptor Capital LP,977852AB8,13F-HR,2024-11-14,SOLE,WOLFSPEED INC,N/A,21003000,PRN,NOTE 0.250% 2/1,8378097
"Select Equity Group, L.P.",977852102,13F-HR,2024-11-14,SOLE,WOLFSPEED INC,N/A,1614004,SH,COM,15655839
"Semanteon Capital Management, LP",977852102,13F-HR,2024-10-24,SOLE,WOLFSPEED INC,N/A,122444,SH,COM,1187707
Shaolin Capital Management LLC,225447AD3,13F-HR,2024-11-14,SOLE,WOLFSPEED INC,N/A,169462000,PRN,NOTE 1.750% 5/0,119750661
Shaolin Capital Management LLC,977852102,13F-HR,2024-11-14,SOLE,WOLFSPEED INC,Put,1750000,SH,COM,16975000
"Solstein Capital, LLC",977852102,13F-HR,2024-10-29,SOLE,WOLFSPEED INC,N/A,69,SH,COM,669
South Dakota Investment Council,977852102,13F-HR,2024-11-04,SOLE,WOLFSPEED INC,N/A,567834,SH,COM,5508
"Soviero Asset Management, LP",977852102,13F-HR,2024-11-14,SOLE,WOLFSPEED INC,N/A,300000,SH,COM,2910000
"State of Tennessee, Department of Treasury",977852102,13F-HR,2024-11-14,SOLE,WOLFSPEED INC COM,N/A,32195,SH,COMMON STOCK,312292
Sterling Capital Management LLC,977852102,13F-HR,2024-11-12,SOLE,WOLFSPEED INC,N/A,4930,SH,COM,47821
"Sunbelt Securities, Inc.",977852102,13F-HR,2024-11-18,SOLE,WOLFSPEED INC COM,N/A,2000,SH,Stock,19400
"TENOR CAPITAL MANAGEMENT Co., L.P.",977852AB8,13F-HR,2024-11-14,SOLE,WOLFSPEED INC,N/A,13000000,PRN,NOTE  0.250% 2/1,5244539
"TFC Financial Management, Inc.",977852102,13F-HR,2024-10-25,SOLE,WOLFSPEED INC,N/A,36,SH,COM,350
THRIVENT FINANCIAL FOR LUTHERANS,977852102,13F-HR,2024-11-07,SOLE,WOLFSPEED INC,N/A,98832,SH,COM,959
TORONTO DOMINION BANK,977852102,13F-HR,2024-11-14,DFND,Cree Inc,N/A,4,SH,COM,39
TUDOR INVESTMENT CORP ET AL,977852102,13F-HR,2024-11-14,DFND,Wolfspeed Inc - US,N/A,87001,SH,Equity,843910
TUDOR INVESTMENT CORP ET AL,977852102,13F-HR,2024-11-14,DFND,Wolfspeed Inc - US,Call,146400,SH,Equity Option,1420080
TUDOR INVESTMENT CORP ET AL,977852102,13F-HR,2024-11-14,DFND,Wolfspeed Inc - US,Put,125600,SH,Equity Option,1218320
"TWO SIGMA ADVISERS, LP",977852102,13F-HR,2024-11-14,SOLE,WOLFSPEED INC,N/A,2458600,SH,COM,23848420
"TWO SIGMA INVESTMENTS, LP",977852102,13F-HR,2024-11-14,SOLE,WOLFSPEED INC,N/A,2502225,SH,COM,24271582
"TWO SIGMA INVESTMENTS, LP",977852102,13F-HR,2024-11-14,SOLE,WOLFSPEED INC,Put,880000,SH,COM,8536000
"TWO SIGMA INVESTMENTS, LP",977852AB8,13F-HR,2024-11-14,SOLE,WOLFSPEED INC,N/A,35000000,PRN,NOTE 0.250% 2/1,13755000
"TWO SIGMA SECURITIES, LLC",977852102,13F-HR,2024-11-14,SOLE,WOLFSPEED INC,Call,25700,SH,COM,249290
"TWO SIGMA SECURITIES, LLC",977852102,13F-HR,2024-11-14,SOLE,WOLFSPEED INC,Put,63400,SH,COM,614980
"TWO SIGMA SECURITIES, LLC",977852102,13F-HR,2024-11-14,SOLE,WOLFSPEED INC,N/A,110665,SH,COM,1073451
Teza Capital Management LLC,977852102,13F-HR,2024-11-14,SOLE,WOLFSPEED INC,N/A,44955,SH,COM,436064
Tower Research Capital LLC (TRC),977852102,13F-HR,2024-11-14,OTR,WOLFSPEED INC,N/A,6802,SH,COM,65979
Tower Research Capital LLC (TRC),977852102,13F-HR,2024-11-14,DFND,WOLFSPEED INC,N/A,13704,SH,COM,132929
"Trek Financial, LLC",977852102,13F-HR,2024-11-14,SOLE,WOLFSPEED INC,N/A,10000,SH,COM,97000
"UBS AM, a distinct business unit of UBS ASSET MANAGEMENT AME",977852102,13F-HR,2024-11-14,DFND,WOLFSPEED INC,N/A,191833,SH,COM,1860780
"UBS AM, a distinct business unit of UBS ASSET MANAGEMENT AME",977852102,13F-HR,2024-11-14,DFND,WOLFSPEED INC,N/A,121407,SH,COM,1177648
"UBS AM, a distinct business unit of UBS ASSET MANAGEMENT AME",977852AD4,13F-HR,2024-11-14,DFND,WOLFSPEED INC,N/A,1200000,PRN,NOTE  1.875%12/0,446400
"UBS AM, a distinct business unit of UBS ASSET MANAGEMENT AME",977852102,13F-HR,2024-11-14,DFND,WOLFSPEED INC,N/A,110155,SH,COM,1068504
"UBS AM, a distinct business unit of UBS ASSET MANAGEMENT AME",977852102,13F-HR,2024-11-14,DFND,WOLFSPEED INC,N/A,48640,SH,COM,471808
"UBS AM, a distinct business unit of UBS ASSET MANAGEMENT AME",977852102,13F-HR,2024-11-14,DFND,WOLFSPEED INC,N/A,754611,SH,COM,7319727
"UBS AM, a distinct business unit of UBS ASSET MANAGEMENT AME",977852102,13F-HR,2024-11-14,OTR,WOLFSPEED INC,N/A,13501,SH,COM,130960
"UBS AM, a distinct business unit of UBS ASSET MANAGEMENT AME",977852102,13F-HR,2024-11-14,OTR,WOLFSPEED INC,N/A,68692,SH,COM,666312
"UBS AM, a distinct business unit of UBS ASSET MANAGEMENT AME",977852102,13F-HR,2024-11-14,SOLE,WOLFSPEED INC,N/A,208800,SH,COM,2025360
"UBS AM, a distinct business unit of UBS ASSET MANAGEMENT AME",977852102,13F-HR,2024-11-14,SOLE,WOLFSPEED INC,N/A,326253,SH,COM,3164654
"UBS AM, a distinct business unit of UBS ASSET MANAGEMENT AME",977852102,13F-HR,2024-11-14,SOLE,WOLFSPEED INC,N/A,32042,SH,COM,310807
UBS Group AG,977852102,13F-HR,2024-11-14,DFND,WOLFSPEED INC,Call,4208160,SH,COM,40819152
UBS Group AG,977852102,13F-HR,2024-11-14,DFND,WOLFSPEED INC,Put,134100,SH,COM,1300770
UBS Group AG,977852102,13F-HR,2024-11-14,DFND,WOLFSPEED INC,N/A,16320,SH,COM,158304
UBS Group AG,977852102,13F-HR,2024-11-14,DFND,WOLFSPEED INC,N/A,6325235,SH,COM,61354780
UBS Group AG,977852102,13F-HR,2024-11-14,DFND,WOLFSPEED INC,N/A,842,SH,COM,8167
UBS Group AG,977852102,13F-HR,2024-11-14,DFND,WOLFSPEED INC,N/A,10275,SH,COM,99668
UBS Group AG,977852102,13F-HR,2024-11-14,DFND,WOLFSPEED INC,N/A,29,SH,COM,281
"UMB Bank, n.a.",977852102,13F-HR,2024-10-09,SOLE,Wolfspeed Inc,N/A,534,SH,COM,5180
VANGUARD GROUP INC,977852102,13F-HR,2024-11-13,DFND,WOLFSPEED INC,N/A,15964,SH,COM,154851
VANGUARD GROUP INC,977852102,13F-HR,2024-11-13,SOLE,WOLFSPEED INC,N/A,15445326,SH,COM,149819662
VANGUARD GROUP INC,977852102,13F-HR,2024-11-13,DFND,WOLFSPEED INC,N/A,137528,SH,COM,1334022
VANGUARD GROUP INC,977852102,13F-HR,2024-11-13,DFND,WOLFSPEED INC,N/A,26168,SH,COM,253830
VICTORY CAPITAL MANAGEMENT INC,977852102,13F-HR,2024-11-05,SOLE,WOLFSPEED INC,N/A,24968,SH,COM,242190
"VOLORIDGE INVESTMENT MANAGEMENT, LLC",977852102,13F-HR,2024-11-14,SOLE,WOLFSPEED INC,N/A,1903035,SH,COM,18459440
VOYA INVESTMENT MANAGEMENT LLC,977852102,13F-HR,2024-11-14,DFND,WOLFSPEED INC,N/A,16168,SH,COM,156830
VOYA INVESTMENT MANAGEMENT LLC,977852AB8,13F-HR,2024-11-14,DFND,WOLFSPEED INC,N/A,225035000,PRN,NOTE 0.250% 2/1,89563930
"Vanguard Personalized Indexing Management, LLC",977852102,13F-HR,2024-11-12,SOLE,WOLFSPEED INC,N/A,23435,SH,COM,227320
Verition Fund Management LLC,977852102,13F-HR,2024-11-14,SOLE,WOLFSPEED INC,N/A,299417,SH,COM,2904345
Verition Fund Management LLC,977852AB8,13F-HR,2024-11-14,OTR,WOLFSPEED INC,N/A,1098000,PRN,NOTE  0.250% 2/1,437004
Verition Fund Management LLC,225447AD3,13F-HR,2024-11-14,OTR,WOLFSPEED INC,N/A,5756000,PRN,NOTE  1.750% 5/0,4040712
Verition Fund Management LLC,977852AD4,13F-HR,2024-11-14,OTR,WOLFSPEED INC,N/A,6617000,PRN,NOTE  1.875%12/0,2494609
"Versant Capital Management, Inc",977852102,13F-HR,2024-10-07,SOLE,CREE INC,N/A,954,SH,Stock,9254
Virtu Financial LLC,977852102,13F-HR,2024-11-20,DFND,WOLFSPEED INC,N/A,58560,SH,COM,568
WELLS FARGO & COMPANY/MN,977852102,13F-HR,2024-11-13,DFND,WOLFSPEED INC,N/A,37320,SH,COM,362004
WELLS FARGO & COMPANY/MN,225447AD3,13F-HR,2024-11-13,DFND,WOLFSPEED INC,N/A,9690000,PRN,NOTE  1.750% 5/0,6819434
WELLS FARGO & COMPANY/MN,977852102,13F-HR,2024-11-13,DFND,WOLFSPEED INC,N/A,149626,SH,COM,1451372
WELLS FARGO & COMPANY/MN,977852102,13F-HR,2024-11-13,DFND,WOLFSPEED INC,Call,45000,SH,COM,436500
WELLS FARGO & COMPANY/MN,977852102,13F-HR,2024-11-13,DFND,WOLFSPEED INC,N/A,421250,SH,COM,4086125
WELLS FARGO & COMPANY/MN,977852AB8,13F-HR,2024-11-13,DFND,WOLFSPEED INC,N/A,14311000,PRN,NOTE  0.250% 2/1,5729123
WELLS FARGO & COMPANY/MN,977852102,13F-HR,2024-11-13,DFND,WOLFSPEED INC,Put,309900,SH,COM,3006030
WELLS FARGO & COMPANY/MN,977852102,13F-HR,2024-11-13,DFND,WOLFSPEED INC,N/A,50518,SH,COM,490025
WELLS FARGO & COMPANY/MN,977852102,13F-HR,2024-11-13,DFND,WOLFSPEED INC,N/A,319,SH,COM,3094
WELLS FARGO & COMPANY/MN,977852AB8,13F-HR,2024-11-13,DFND,WOLFSPEED INC,N/A,3000,PRN,NOTE  0.250% 2/1,1201
WELLS FARGO & COMPANY/MN,977852AB8,13F-HR,2024-11-13,DFND,WOLFSPEED INC,N/A,8000,PRN,NOTE  0.250% 2/1,3203
WELLS FARGO & COMPANY/MN,977852AD4,13F-HR,2024-11-13,DFND,WOLFSPEED INC,N/A,17388000,PRN,NOTE  1.875%12/0,6473900
WOLVERINE ASSET MANAGEMENT LLC,977852102,13F-HR,2024-11-04,DFND,WOLFSPEED INC,Put,13700,SH,COM,132890
WOLVERINE ASSET MANAGEMENT LLC,977852102,13F-HR,2024-11-04,DFND,WOLFSPEED INC,N/A,6407,SH,COM,62147
"WOLVERINE TRADING, LLC",977852102,13F-HR,2024-11-14,DFND,WOLFSPEED INC,N/A,197975,SH,COM,2015386
"WOLVERINE TRADING, LLC",977852102,13F-HR,2024-11-14,DFND,WOLFSPEED INC,Call,252200,SH,COM,2567396
"WOLVERINE TRADING, LLC",977852102,13F-HR,2024-11-14,DFND,WOLFSPEED INC,Put,597900,SH,COM,6086622
"WR Wealth Planners, LLC",977852102,13F-HR,2024-10-10,SOLE,WOLFSPEED INC COM,N/A,1813,SH,Stock,125170
"WR Wealth Planners, LLC",977852102,13F-HR,2024-10-10,SOLE,WOLFSPEED INC COM,N/A,3199,SH,Stock,330649
"WR Wealth Planners, LLC",977852102,13F-HR,2024-10-17,SOLE,WOLFSPEED INC COM,N/A,336,SH,Stock,3259
"WR Wealth Planners, LLC",977852102,13F-HR,2024-10-17,SOLE,WOLFSPEED INC COM,N/A,3836,SH,Stock,243394
"WR Wealth Planners, LLC",977852102,13F-HR,2024-10-17,SOLE,WOLFSPEED INC COM,N/A,3547,SH,Stock,403861
WS MANAGEMENT LLLP,977852102,13F-HR,2024-11-13,SOLE,WOLFSPEED INC,N/A,200000,SH,COM,1940000
WS MANAGEMENT LLLP,977852102,13F-HR,2024-11-13,SOLE,WOLFSPEED INC,Call,650000,SH,COM,6305000
Walleye Capital LLC,977852102,13F-HR,2024-11-14,SOLE,WOLFSPEED INC,Call,170700,SH,COM,1655790
Walleye Capital LLC,977852102,13F-HR,2024-11-14,SOLE,WOLFSPEED INC,N/A,8133,SH,COM,78890
Walleye Capital LLC,977852102,13F-HR,2024-11-14,SOLE,WOLFSPEED INC,Put,92400,SH,COM,896280
Walleye Trading LLC,977852102,13F-HR,2024-11-14,SOLE,WOLFSPEED INC,Put,227300,SH,COM,2204810
Walleye Trading LLC,977852102,13F-HR,2024-11-14,SOLE,WOLFSPEED INC,Call,218200,SH,COM,2116540
"Winch Advisory Services, LLC",977852102,13F-HR,2024-10-21,SOLE,WOLFSPEED INC,N/A,238,SH,COM,2309
"YOUSIF CAPITAL MANAGEMENT, LLC",977852102,13F-HR,2024-10-30,SOLE,Wolfspeed Inc,N/A,48976,SH,COM,475067
Zurcher Kantonalbank (Zurich Cantonalbank),977852102,13F-HR,2024-11-08,SOLE,WOLFSPEED INC,N/A,31899,SH,COM,309420
