doc_type,company_name,filing_date,name,lei,title,cusip,identifiers_otherDesc,identifiers_value,balance,units,curCd,valUSD,pctVal,payoffProfile,assetCat,issuerConditional_desc,issuerConditional_issuerCat,invCountry,isRestrictedSec,fairValLevel,derivCat,counterpartyName,counterpartyLei,putOrCall,writtenOrPur,descRefInstrmnt_issuerName,descRefInstrmnt_issueTitle,descRefInstrmnt_otherDesc,descRefInstrmnt_otherValue,shareNo,exercisePrice,exercisePriceCurCd,expDt,delta,unrealizedAppr,isCashCollateral,isNonCashCollateral,isLoanByFund,estSharesLoaned
NPORT-P,"AB BOND FUND, INC.",2024-09-25,Wolfspeed Inc,549300OGU88P3AW3TO93,Wolfspeed Inc,977852102,N/A,N/A,20389.00000000,NS,USD,384332.65000000,0.053844269254,Long,EC,N/A,N/A,N/A,N/A,1,N/A,N/A,N/A,N/A,N/A,N/A,N/A,N/A,N/A,N/A,N/A,N/A,N/A,N/A,N/A,N,N,Y,19049
NPORT-P,ADVANCED SERIES TRUST,2024-08-29,Wolfspeed Inc,549300OGU88P3AW3TO93,Wolfspeed Inc,977852102,N/A,N/A,3791.00000000,NS,USD,86283.16000000,0.000586054604,Long,EC,N/A,N/A,N/A,N/A,1,N/A,N/A,N/A,N/A,N/A,N/A,N/A,N/A,N/A,N/A,N/A,N/A,N/A,N/A,N/A,N,N,Y,3600
NPORT-P,ADVANCED SERIES TRUST,2024-08-29,Wolfspeed Inc,549300OGU88P3AW3TO93,Wolfspeed Inc,977852102,N/A,N/A,14689.00000000,NS,USD,334321.64000000,0.011334829308,Long,EC,N/A,N/A,N/A,N/A,1,N/A,N/A,N/A,N/A,N/A,N/A,N/A,N/A,N/A,N/A,N/A,N/A,N/A,N/A,N/A,N,N,Y,4400
NPORT-P,ADVANCED SERIES TRUST,2024-08-29,Wolfspeed Inc,549300OGU88P3AW3TO93,Wolfspeed Inc,977852102,N/A,N/A,24314.00000000,NS,USD,553386.64000000,0.003967814492,Long,EC,N/A,N/A,N/A,N/A,1,N/A,N/A,N/A,N/A,N/A,N/A,N/A,N/A,N/A,N/A,N/A,N/A,N/A,N/A,N/A,N,N,Y,23000
NPORT-P,ALPS ETF Trust,2024-07-30,Wolfspeed Inc,549300OGU88P3AW3TO93,"Wolfspeed, Inc.",977852102,N/A,N/A,284081.00000000,NS,USD,7300881.70000000,3.413229253326,Long,EC,N/A,N/A,N/A,N/A,1,N/A,N/A,N/A,N/A,N/A,N/A,N/A,N/A,N/A,N/A,N/A,N/A,N/A,N/A,N/A,N,N,Y,245287
NPORT-P,AMERICAN CENTURY ETF TRUST,2024-07-23,Wolfspeed Inc,549300OGU88P3AW3TO93,Wolfspeed Inc,977852102,N/A,BMBVND9,83.0000000000,NS,USD,2133.1000000000,0.0007663876,Long,EC,N/A,N/A,N/A,N/A,1,N/A,N/A,N/A,N/A,N/A,N/A,N/A,N/A,N/A,N/A,N/A,N/A,N/A,N/A,N/A,N,N,Y,62
NPORT-P,AMERICAN FUNDS INSURANCE SERIES,2024-08-28,WOLFSPEED INC,549300OGU88P3AW3TO93,WOLFSPEED INC,977852102,N/A,WOLF,12732.000000000000,NS,USD,289780.320000000000,0.0151795786,Long,EC,N/A,N/A,N/A,N/A,1,N/A,N/A,N/A,N/A,N/A,N/A,N/A,N/A,N/A,N/A,N/A,N/A,N/A,N/A,N/A,N,N,N,0
NPORT-P,AMERICAN FUNDS INSURANCE SERIES,2024-08-28,WOLFSPEED INC,549300OGU88P3AW3TO93,WOLFSPEED INC,977852102,N/A,WOLF,468848.000000000000,NS,USD,10670980.480000000000,0.3492521041,Long,EC,N/A,N/A,N/A,N/A,1,N/A,N/A,N/A,N/A,N/A,N/A,N/A,N/A,N/A,N/A,N/A,N/A,N/A,N/A,N/A,N,N,N,0
NPORT-P,AMERICAN FUNDS INSURANCE SERIES,2024-08-28,WOLFSPEED INC,549300OGU88P3AW3TO93,WOLFSPEED INC,977852102,N/A,WOLF,2041003.000000000000,NS,USD,46453228.280000000000,0.1059050307,Long,EC,N/A,N/A,N/A,N/A,1,N/A,N/A,N/A,N/A,N/A,N/A,N/A,N/A,N/A,N/A,N/A,N/A,N/A,N/A,N/A,N,N,N,0
NPORT-P,AMERICAN FUNDS INSURANCE SERIES,2024-08-28,WOLFSPEED INC,549300OGU88P3AW3TO93,WOLFSPEED INC,977852102,N/A,WOLF,120200.000000000000,NS,USD,2735752.000000000000,0.0766774980,Long,EC,N/A,N/A,N/A,N/A,1,N/A,N/A,N/A,N/A,N/A,N/A,N/A,N/A,N/A,N/A,N/A,N/A,N/A,N/A,N/A,N,N,N,0
NPORT-P,AMG Funds I,2024-09-27,Wolfspeed Inc,549300OGU88P3AW3TO93,Wolfspeed Inc,977852102,N/A,N/A,3891.00000000,NS,USD,73345.35000000,0.089971548721,Long,EC,N/A,N/A,N/A,N/A,1,N/A,N/A,N/A,N/A,N/A,N/A,N/A,N/A,N/A,N/A,N/A,N/A,N/A,N/A,N/A,N,N,Y,3645
NPORT-P,BLACKROCK FUNDS,2024-09-27,"Wolfspeed, Inc.",549300OGU88P3AW3TO93,"Wolfspeed, Inc.",977852102,N/A,977852102,2520.00000000,NS,USD,47502.00000000,0.002438927341,Long,EC,N/A,N/A,N/A,N/A,1,N/A,N/A,N/A,N/A,N/A,N/A,N/A,N/A,N/A,N/A,N/A,N/A,N/A,N/A,N/A,N,N,N,0
NPORT-P,BLACKROCK FUNDS,2024-09-27,Wolfspeed Inc,549300OGU88P3AW3TO93,Wolfspeed Inc,977852102,N/A,N/A,8227.00000000,NS,USD,155078.95000000,0.004382418060,Long,EC,N/A,N/A,N/A,N/A,1,N/A,N/A,N/A,N/A,N/A,N/A,N/A,N/A,N/A,N/A,N/A,N/A,N/A,N/A,N/A,N,N,Y,8227
NPORT-P,BLACKROCK FUNDS,2024-09-27,Wolfspeed Inc,549300OGU88P3AW3TO93,Wolfspeed Inc,977852102,N/A,N/A,11917.00000000,NS,USD,224635.45000000,0.037470507812,Long,EC,N/A,N/A,N/A,N/A,1,N/A,N/A,N/A,N/A,N/A,N/A,N/A,N/A,N/A,N/A,N/A,N/A,N/A,N/A,N/A,N,N,N,0
NPORT-P,BLACKROCK FUNDS,2024-09-27,Wolfspeed Inc,549300OGU88P3AW3TO93,Wolfspeed Inc,977852102,N/A,N/A,22234.00000000,NS,USD,419110.90000000,0.020971023571,Long,EC,N/A,N/A,N/A,N/A,1,N/A,N/A,N/A,N/A,N/A,N/A,N/A,N/A,N/A,N/A,N/A,N/A,N/A,N/A,N/A,N,N,N,0
NPORT-P,BNY MELLON INVESTMENT PORTFOLIOS,2024-08-21,WOLFSPEED INC,549300OGU88P3AW3TO93,WOLFSPEED INC,977852102,N/A,N/A,520.00,NS,USD,11835.20,0.0076228278152,Long,EC,N/A,N/A,N/A,N/A,1,N/A,N/A,N/A,N/A,N/A,N/A,N/A,N/A,N/A,N/A,N/A,N/A,N/A,N/A,N/A,N,N,Y,524
NPORT-P,BNY Mellon ETF Trust,2024-09-23,Wolfspeed Inc,549300OGU88P3AW3TO93,Wolfspeed Inc,977852102,N/A,N/A,7495.00000000,NS,USD,141280.75000000,0.119741939708,Long,EC,N/A,N/A,N/A,N/A,1,N/A,N/A,N/A,N/A,N/A,N/A,N/A,N/A,N/A,N/A,N/A,N/A,N/A,N/A,N/A,N,N,Y,7329
NPORT-P,Brighthouse Funds Trust II,2024-08-29,Wolfspeed Inc,549300OGU88P3AW3TO93,Wolfspeed Inc,977852102,N/A,N/A,46094.00000000,NS,USD,1049099.44000000,0.102876676084,Long,EC,N/A,N/A,N/A,N/A,1,N/A,N/A,N/A,N/A,N/A,N/A,N/A,N/A,N/A,N/A,N/A,N/A,N/A,N/A,N/A,N,N,Y,47044
NPORT-P,CALVERT IMPACT FUND INC,2024-08-28,Wolfspeed Inc,549300OGU88P3AW3TO93,Wolfspeed Inc,977852102,N/A,N/A,30787.00000000,NS,USD,700712.12000000,0.460504680117,Long,EC,N/A,N/A,N/A,N/A,1,N/A,N/A,N/A,N/A,N/A,N/A,N/A,N/A,N/A,N/A,N/A,N/A,N/A,N/A,N/A,N,N,Y,31108
NPORT-P,COLLEGE RETIREMENT EQUITIES FUND,2024-08-28,Wolfspeed Inc,549300OGU88P3AW3TO93,"Wolfspeed, Inc",977852102,N/A,N/A,62345.00000000,NS,USD,1418972.20000000,0.005728113939,Long,EC,N/A,N/A,N/A,N/A,1,N/A,N/A,N/A,N/A,N/A,N/A,N/A,N/A,N/A,N/A,N/A,N/A,N/A,N/A,N/A,N,N,Y,61721
NPORT-P,COLLEGE RETIREMENT EQUITIES FUND,2024-08-28,Wolfspeed Inc,549300OGU88P3AW3TO93,"Wolfspeed, Inc",977852102,N/A,N/A,90261.00000000,NS,USD,2054340.36000000,0.001629528807,Long,EC,N/A,N/A,N/A,N/A,1,N/A,N/A,N/A,N/A,N/A,N/A,N/A,N/A,N/A,N/A,N/A,N/A,N/A,N/A,N/A,N,N,Y,89357
NPORT-P,"Calvert Variable Trust, Inc.",2024-08-20,Wolfspeed Inc,549300OGU88P3AW3TO93,Wolfspeed Inc,977852102,N/A,N/A,26769.00000000,NS,USD,609262.44000000,0.103092634700,Long,EC,N/A,N/A,N/A,N/A,1,N/A,N/A,N/A,N/A,N/A,N/A,N/A,N/A,N/A,N/A,N/A,N/A,N/A,N/A,N/A,N,N,Y,27048
NPORT-P,DFA INVESTMENT DIMENSIONS GROUP INC,2024-09-26,Wolfspeed Inc,549300OGU88P3AW3TO93,"Wolfspeed, Inc.",977852102,N/A,N/A,21437.00000000,NS,USD,404087.45000000,0.001192447046,Long,EC,N/A,N/A,N/A,N/A,1,N/A,N/A,N/A,N/A,N/A,N/A,N/A,N/A,N/A,N/A,N/A,N/A,N/A,N/A,N/A,N,N,Y,21194
NPORT-P,DFA INVESTMENT DIMENSIONS GROUP INC,2024-09-26,Wolfspeed Inc,549300OGU88P3AW3TO93,"Wolfspeed, Inc.",977852102,N/A,N/A,73516.00000000,NS,USD,1385776.60000000,0.008269443329,Long,EC,N/A,N/A,N/A,N/A,1,N/A,N/A,N/A,N/A,N/A,N/A,N/A,N/A,N/A,N/A,N/A,N/A,N/A,N/A,N/A,N,N,Y,73074
NPORT-P,DFA INVESTMENT DIMENSIONS GROUP INC,2024-09-26,Wolfspeed Inc,549300OGU88P3AW3TO93,"Wolfspeed, Inc.",977852102,N/A,N/A,35749.00000000,NS,USD,673868.65000000,0.013515586286,Long,EC,N/A,N/A,N/A,N/A,1,N/A,N/A,N/A,N/A,N/A,N/A,N/A,N/A,N/A,N/A,N/A,N/A,N/A,N/A,N/A,N,N,Y,35477
NPORT-P,DFA INVESTMENT DIMENSIONS GROUP INC,2024-09-26,Wolfspeed Inc,549300OGU88P3AW3TO93,"Wolfspeed, Inc.",977852102,N/A,N/A,11099.00000000,NS,USD,209216.15000000,0.011015690433,Long,EC,N/A,N/A,N/A,N/A,1,N/A,N/A,N/A,N/A,N/A,N/A,N/A,N/A,N/A,N/A,N/A,N/A,N/A,N/A,N/A,N,N,Y,11001
NPORT-P,Dimensional ETF Trust,2024-09-27,"Wolfspeed, Inc.",549300OGU88P3AW3TO93,WOLFSPEED INC,977852102,N/A,N/A,82259.00000000,NS,USD,1550582.15000000,0.005215101253,Long,EC,N/A,N/A,N/A,N/A,1,N/A,N/A,N/A,N/A,N/A,N/A,N/A,N/A,N/A,N/A,N/A,N/A,N/A,N/A,N/A,N,N,Y,77624
NPORT-P,Dimensional ETF Trust,2024-09-27,"Wolfspeed, Inc.",549300OGU88P3AW3TO93,WOLFSPEED INC,977852102,N/A,N/A,20472.00000000,NS,USD,385897.20000000,0.003896057444,Long,EC,N/A,N/A,N/A,N/A,1,N/A,N/A,N/A,N/A,N/A,N/A,N/A,N/A,N/A,N/A,N/A,N/A,N/A,N/A,N/A,N,N,Y,19273
NPORT-P,Dimensional ETF Trust,2024-09-27,"Wolfspeed, Inc.",549300OGU88P3AW3TO93,WOLFSPEED INC,977852102,N/A,N/A,9867.00000000,NS,USD,185992.95000000,0.003065012397,Long,EC,N/A,N/A,N/A,N/A,1,N/A,N/A,N/A,N/A,N/A,N/A,N/A,N/A,N/A,N/A,N/A,N/A,N/A,N/A,N/A,N,N,Y,9311
NPORT-P,Dimensional ETF Trust,2024-09-27,"Wolfspeed, Inc.",549300OGU88P3AW3TO93,WOLFSPEED INC,977852102,N/A,N/A,33892.00000000,NS,USD,638864.20000000,0.007184941644,Long,EC,N/A,N/A,N/A,N/A,1,N/A,N/A,N/A,N/A,N/A,N/A,N/A,N/A,N/A,N/A,N/A,N/A,N/A,N/A,N/A,N,N,Y,31982
NPORT-P,Direxion Shares ETF Trust,2024-09-30,Wolfspeed Inc.,549300OGU88P3AW3TO93,Wolfspeed Inc. COM,977852102,N/A,N/A,3350.00,NS,USD,63147.50,0.0566983084,Long,EC,N/A,N/A,N/A,N/A,1,N/A,N/A,N/A,N/A,N/A,N/A,N/A,N/A,N/A,N/A,N/A,N/A,N/A,N/A,N/A,N,N,Y,1048
NPORT-P,Direxion Shares ETF Trust,2024-09-30,Wolfspeed Inc.,549300OGU88P3AW3TO93,Wolfspeed Inc. COM,977852102,N/A,N/A,1108573.00,NS,USD,20896601.05,0.1790879089,Long,EC,N/A,N/A,N/A,N/A,1,N/A,N/A,N/A,N/A,N/A,N/A,N/A,N/A,N/A,N/A,N/A,N/A,N/A,N/A,N/A,N,N,Y,18302
NPORT-P,"EMPOWER FUNDS, INC.",2024-08-27,Wolfspeed Inc.,549300OGU88P3AW3TO93,WOLF 1.875 12/01/29,977852AD4,N/A,N/A,1206000,NS,USD,664506,0.1544218193,Long,DBT,N/A,N/A,N/A,N/A,2,N/A,N/A,N/A,N/A,N/A,N/A,N/A,N/A,N/A,N/A,N/A,N/A,N/A,N/A,N/A,N,N,N,0
NPORT-P,"EMPOWER FUNDS, INC.",2024-08-27,Wolfspeed Inc.,549300OGU88P3AW3TO93,Wolfspeed Inc. COM,977852102,N/A,N/A,63470,NS,USD,1444577.19,0.1038197283,Long,EC,N/A,N/A,N/A,N/A,1,N/A,N/A,N/A,N/A,N/A,N/A,N/A,N/A,N/A,N/A,N/A,N/A,N/A,N/A,N/A,N,N,N,0
NPORT-P,EQ ADVISORS TRUST,2024-08-26,"Wolfspeed, Inc.",549300OGU88P3AW3TO93,"Wolfspeed, Inc.",977852AD4,N/A,N/A,324000.00000000,PA,USD,178524.00000000,0.402807235201,Long,DBT,N/A,N/A,N/A,N/A,2,N/A,N/A,N/A,N/A,N/A,N/A,N/A,N/A,N/A,N/A,N/A,N/A,N/A,N/A,N/A,N,N,N,0
NPORT-P,EQ ADVISORS TRUST,2024-08-26,"Wolfspeed, Inc.",549300OGU88P3AW3TO93,"Wolfspeed, Inc.",977852AB8,N/A,N/A,130000.00000000,PA,USD,76635.00000000,0.172913067540,Long,DBT,N/A,N/A,N/A,N/A,2,N/A,N/A,N/A,N/A,N/A,N/A,N/A,N/A,N/A,N/A,N/A,N/A,N/A,N/A,N/A,N,N,N,0
NPORT-P,EQ ADVISORS TRUST,2024-08-26,"Wolfspeed, Inc.",549300OGU88P3AW3TO93,"Wolfspeed, Inc.",225447AD3,N/A,N/A,100000.00000000,PA,USD,88750.00000000,0.200248381865,Long,DBT,N/A,N/A,N/A,N/A,2,N/A,N/A,N/A,N/A,N/A,N/A,N/A,N/A,N/A,N/A,N/A,N/A,N/A,N/A,N/A,N,N,N,0
NPORT-P,EQ ADVISORS TRUST,2024-08-26,"Wolfspeed, Inc.",549300OGU88P3AW3TO93,"Wolfspeed, Inc.",977852102,N/A,N/A,12671.00000000,NS,USD,288391.96000000,0.094404804110,Long,EC,N/A,N/A,N/A,N/A,1,N/A,N/A,N/A,N/A,N/A,N/A,N/A,N/A,N/A,N/A,N/A,N/A,N/A,N/A,N/A,N,N,N,0
NPORT-P,EQ ADVISORS TRUST,2024-08-26,"Wolfspeed, Inc.",549300OGU88P3AW3TO93,"Wolfspeed, Inc.",977852102,N/A,N/A,36615.00000000,NS,USD,833357.40000000,0.097166151722,Long,EC,N/A,N/A,N/A,N/A,1,N/A,N/A,N/A,N/A,N/A,N/A,N/A,N/A,N/A,N/A,N/A,N/A,N/A,N/A,N/A,N,N,Y,3470
NPORT-P,EQ ADVISORS TRUST,2024-08-26,"Wolfspeed, Inc.",549300OGU88P3AW3TO93,"Wolfspeed, Inc.",977852102,N/A,N/A,76030.00000000,NS,USD,1730442.80000000,0.274977665712,Long,EC,N/A,N/A,N/A,N/A,1,N/A,N/A,N/A,N/A,N/A,N/A,N/A,N/A,N/A,N/A,N/A,N/A,N/A,N/A,N/A,N,N,Y,26309
NPORT-P,EQ ADVISORS TRUST,2024-08-26,"Wolfspeed, Inc.",549300OGU88P3AW3TO93,"Wolfspeed, Inc.",977852102,N/A,N/A,24367.00000000,NS,USD,554592.92000000,0.026823713344,Long,EC,N/A,N/A,N/A,N/A,1,N/A,N/A,N/A,N/A,N/A,N/A,N/A,N/A,N/A,N/A,N/A,N/A,N/A,N/A,N/A,N,N,N,0
NPORT-P,EQ ADVISORS TRUST,2024-08-26,"Wolfspeed, Inc.",549300OGU88P3AW3TO93,"Wolfspeed, Inc.",977852102,N/A,N/A,113906.00000000,NS,USD,2592500.56000000,0.106554081926,Long,EC,N/A,N/A,N/A,N/A,1,N/A,N/A,N/A,N/A,N/A,N/A,N/A,N/A,N/A,N/A,N/A,N/A,N/A,N/A,N/A,N,N,N,0
NPORT-P,EQ ADVISORS TRUST,2024-08-26,"Wolfspeed, Inc.",549300OGU88P3AW3TO93,"Wolfspeed, Inc.",977852102,N/A,N/A,12511.00000000,NS,USD,284750.36000000,0.017763036065,Long,EC,N/A,N/A,N/A,N/A,1,N/A,N/A,N/A,N/A,N/A,N/A,N/A,N/A,N/A,N/A,N/A,N/A,N/A,N/A,N/A,N,N,N,0
NPORT-P,EQ ADVISORS TRUST,2024-08-26,"Wolfspeed, Inc.",549300OGU88P3AW3TO93,"Wolfspeed, Inc.",977852102,N/A,N/A,4765.00000000,NS,USD,108451.40000000,0.013141739397,Long,EC,N/A,N/A,N/A,N/A,1,N/A,N/A,N/A,N/A,N/A,N/A,N/A,N/A,N/A,N/A,N/A,N/A,N/A,N/A,N/A,N,N,N,0
NPORT-P,EQ ADVISORS TRUST,2024-08-26,"Wolfspeed, Inc.",549300OGU88P3AW3TO93,"Wolfspeed, Inc.",977852102,N/A,N/A,11562.00000000,NS,USD,263151.12000000,0.006962250021,Long,EC,N/A,N/A,N/A,N/A,1,N/A,N/A,N/A,N/A,N/A,N/A,N/A,N/A,N/A,N/A,N/A,N/A,N/A,N/A,N/A,N,N,N,0
NPORT-P,EQ ADVISORS TRUST,2024-08-26,"Wolfspeed, Inc.",549300OGU88P3AW3TO93,"Wolfspeed, Inc.",977852102,N/A,N/A,25752.00000000,NS,USD,586115.52000000,0.031393614530,Long,EC,N/A,N/A,N/A,N/A,1,N/A,N/A,N/A,N/A,N/A,N/A,N/A,N/A,N/A,N/A,N/A,N/A,N/A,N/A,N/A,N,N,N,0
NPORT-P,FIDELITY ADVISOR SERIES VII,2024-09-25,WOLFSPEED INC,549300OGU88P3AW3TO93,WOLFSPEED INC,977852102,N/A,N/A,54700.00000000,NS,USD,1031095.00000000,0.038240118842,Long,EC,N/A,N/A,N/A,N/A,1,N/A,N/A,N/A,N/A,N/A,N/A,N/A,N/A,N/A,N/A,N/A,N/A,N/A,N/A,N/A,N,N,Y,54600
NPORT-P,FIDELITY CONCORD STREET TRUST,2024-07-26,WOLFSPEED INC,549300OGU88P3AW3TO93,WOLFSPEED INC,977852102,N/A,N/A,710814.00000000,NS,USD,18267919.80000000,0.048538547813,Long,EC,N/A,N/A,N/A,N/A,1,N/A,N/A,N/A,N/A,N/A,N/A,N/A,N/A,N/A,N/A,N/A,N/A,N/A,N/A,N/A,N,N,Y,707016
NPORT-P,FIDELITY CONCORD STREET TRUST,2024-07-26,WOLFSPEED INC,549300OGU88P3AW3TO93,WOLFSPEED INC,977852102,N/A,N/A,227513.00000000,NS,USD,5847084.10000000,0.006357347767,Long,EC,N/A,N/A,N/A,N/A,1,N/A,N/A,N/A,N/A,N/A,N/A,N/A,N/A,N/A,N/A,N/A,N/A,N/A,N/A,N/A,N,N,Y,219400
NPORT-P,FIDELITY CONCORD STREET TRUST,2024-07-26,WOLFSPEED INC,549300OGU88P3AW3TO93,WOLFSPEED INC,977852102,N/A,N/A,171922.00000000,NS,USD,4418395.40000000,0.006335440984,Long,EC,N/A,N/A,N/A,N/A,1,N/A,N/A,N/A,N/A,N/A,N/A,N/A,N/A,N/A,N/A,N/A,N/A,N/A,N/A,N/A,N,N,Y,167000
NPORT-P,FIDELITY CONCORD STREET TRUST,2024-09-25,WOLFSPEED INC,549300OGU88P3AW3TO93,WOLFSPEED INC,977852102,N/A,N/A,35669.00000000,NS,USD,672360.65000000,0.039386655678,Long,EC,N/A,N/A,N/A,N/A,1,N/A,N/A,N/A,N/A,N/A,N/A,N/A,N/A,N/A,N/A,N/A,N/A,N/A,N/A,N/A,N,N,Y,35600
NPORT-P,FIDELITY CONCORD STREET TRUST,2024-09-25,WOLFSPEED INC,549300OGU88P3AW3TO93,WOLFSPEED INC,977852102,N/A,N/A,52926.00000000,NS,USD,997655.10000000,0.004447791397,Long,EC,N/A,N/A,N/A,N/A,1,N/A,N/A,N/A,N/A,N/A,N/A,N/A,N/A,N/A,N/A,N/A,N/A,N/A,N/A,N/A,N,N,Y,52900
NPORT-P,FIDELITY MT VERNON STREET TRUST,2024-07-26,WOLFSPEED INC,549300OGU88P3AW3TO93,WOLFSPEED INC,977852102,N/A,N/A,361002.00000000,NS,USD,9277751.40000000,0.014911883181,Long,EC,N/A,N/A,N/A,N/A,1,N/A,N/A,N/A,N/A,N/A,N/A,N/A,N/A,N/A,N/A,N/A,N/A,N/A,N/A,N/A,N,N,Y,361000
NPORT-P,FIDELITY MT VERNON STREET TRUST,2024-07-26,WOLFSPEED INC,549300OGU88P3AW3TO93,WOLFSPEED INC,977852102,N/A,N/A,133544.00000000,NS,USD,3432080.80000000,0.017448258456,Long,EC,N/A,N/A,N/A,N/A,1,N/A,N/A,N/A,N/A,N/A,N/A,N/A,N/A,N/A,N/A,N/A,N/A,N/A,N/A,N/A,N,N,Y,132400
NPORT-P,FIDELITY MT VERNON STREET TRUST,2024-07-26,WOLFSPEED INC,549300OGU88P3AW3TO93,WOLFSPEED INC,977852102,N/A,N/A,68829.00000000,NS,USD,1768905.30000000,0.010658151895,Long,EC,N/A,N/A,N/A,N/A,1,N/A,N/A,N/A,N/A,N/A,N/A,N/A,N/A,N/A,N/A,N/A,N/A,N/A,N/A,N/A,N,N,Y,71300
NPORT-P,FIDELITY SALEM STREET TRUST,2024-07-26,WOLFSPEED INC,549300OGU88P3AW3TO93,WOLFSPEED INC CONV 1.875% 12/01/2029,977852AD4,N/A,N/A,27000.00000000,PA,USD,15012.00000000,0.022356770425,Long,DBT,N/A,N/A,N/A,N/A,2,N/A,N/A,N/A,N/A,N/A,N/A,N/A,N/A,N/A,N/A,N/A,N/A,N/A,N/A,N/A,N,N,N,0
NPORT-P,FIDELITY SALEM STREET TRUST,2024-07-26,WOLFSPEED INC,549300OGU88P3AW3TO93,WOLFSPEED INC CONV 1.875% 12/01/2029,977852AD4,N/A,N/A,5079000.00000000,PA,USD,2823924.00000000,0.014382984913,Long,DBT,N/A,N/A,N/A,N/A,2,N/A,N/A,N/A,N/A,N/A,N/A,N/A,N/A,N/A,N/A,N/A,N/A,N/A,N/A,N/A,N,N,N,0
NPORT-P,FIDELITY SALEM STREET TRUST,2024-07-26,WOLFSPEED INC,549300OGU88P3AW3TO93,WOLFSPEED INC CONV 1.875% 12/01/2029,977852AD4,N/A,N/A,7345000.00000000,PA,USD,4083820.00000000,0.078514160851,Long,DBT,N/A,N/A,N/A,N/A,2,N/A,N/A,N/A,N/A,N/A,N/A,N/A,N/A,N/A,N/A,N/A,N/A,N/A,N/A,N/A,N,N,N,0
NPORT-P,FIDELITY SALEM STREET TRUST,2024-07-26,WOLFSPEED INC,549300OGU88P3AW3TO93,WOLFSPEED INC CONV 0.25% 02/15/2028,977852AB8,N/A,N/A,2281000.00000000,PA,USD,1349211.50000000,0.025939490166,Long,DBT,N/A,N/A,N/A,N/A,2,N/A,N/A,N/A,N/A,N/A,N/A,N/A,N/A,N/A,N/A,N/A,N/A,N/A,N/A,N/A,N,N,N,0
NPORT-P,FIDELITY SALEM STREET TRUST,2024-07-26,WOLFSPEED INC,549300OGU88P3AW3TO93,WOLFSPEED INC CONV 1.75% 05/01/2026,225447AD3,N/A,N/A,639000.00000000,PA,USD,583726.50000000,0.011222530942,Long,DBT,N/A,N/A,N/A,N/A,2,N/A,N/A,N/A,N/A,N/A,N/A,N/A,N/A,N/A,N/A,N/A,N/A,N/A,N/A,N/A,N,N,N,0
NPORT-P,FIDELITY SALEM STREET TRUST,2024-07-26,WOLFSPEED INC,549300OGU88P3AW3TO93,WOLFSPEED INC CONV 1.875% 12/01/2029,977852AD4,N/A,N/A,14000.00000000,PA,USD,7784.00000000,0.021997729377,Long,DBT,N/A,N/A,N/A,N/A,2,N/A,N/A,N/A,N/A,N/A,N/A,N/A,N/A,N/A,N/A,N/A,N/A,N/A,N/A,N/A,N,N,N,0
NPORT-P,FIDELITY SALEM STREET TRUST,2024-08-27,WOLFSPEED INC,549300OGU88P3AW3TO93,WOLFSPEED INC,977852102,N/A,N/A,14521.00000000,NS,USD,330497.96000000,0.036165821189,Long,EC,N/A,N/A,N/A,N/A,1,N/A,N/A,N/A,N/A,N/A,N/A,N/A,N/A,N/A,N/A,N/A,N/A,N/A,N/A,N/A,N,N,Y,13799
NPORT-P,FIDELITY SALEM STREET TRUST,2024-09-25,WOLFSPEED INC,549300OGU88P3AW3TO93,WOLFSPEED INC,977852102,N/A,N/A,5031.00000000,NS,USD,94834.35000000,0.020800420023,Long,EC,N/A,N/A,N/A,N/A,1,N/A,N/A,N/A,N/A,N/A,N/A,N/A,N/A,N/A,N/A,N/A,N/A,N/A,N/A,N/A,N,N,Y,3100
NPORT-P,FIDELITY SALEM STREET TRUST,2024-09-25,WOLFSPEED INC,549300OGU88P3AW3TO93,WOLFSPEED INC,977852102,N/A,N/A,43280.00000000,NS,USD,815828.00000000,0.009600350012,Long,EC,N/A,N/A,N/A,N/A,1,N/A,N/A,N/A,N/A,N/A,N/A,N/A,N/A,N/A,N/A,N/A,N/A,N/A,N/A,N/A,N,N,Y,43200
NPORT-P,FIDELITY SALEM STREET TRUST,2024-09-25,WOLFSPEED INC,549300OGU88P3AW3TO93,WOLFSPEED INC,977852102,N/A,N/A,267270.00000000,NS,USD,5038039.50000000,0.014045630907,Long,EC,N/A,N/A,N/A,N/A,1,N/A,N/A,N/A,N/A,N/A,N/A,N/A,N/A,N/A,N/A,N/A,N/A,N/A,N/A,N/A,N,N,Y,264800
NPORT-P,FIDELITY SALEM STREET TRUST,2024-09-25,WOLFSPEED INC,549300OGU88P3AW3TO93,WOLFSPEED INC,977852102,N/A,N/A,60062.00000000,NS,USD,1132168.70000000,0.065176897252,Long,EC,N/A,N/A,N/A,N/A,1,N/A,N/A,N/A,N/A,N/A,N/A,N/A,N/A,N/A,N/A,N/A,N/A,N/A,N/A,N/A,N,N,Y,60000
NPORT-P,FIDELITY SALEM STREET TRUST,2024-09-25,WOLFSPEED INC,549300OGU88P3AW3TO93,WOLFSPEED INC,977852102,N/A,N/A,39901.00000000,NS,USD,752133.85000000,0.009617859197,Long,EC,N/A,N/A,N/A,N/A,1,N/A,N/A,N/A,N/A,N/A,N/A,N/A,N/A,N/A,N/A,N/A,N/A,N/A,N/A,N/A,N,N,Y,39800
NPORT-P,FIDELITY SELECT PORTFOLIOS,2024-07-26,WOLFSPEED INC,549300OGU88P3AW3TO93,WOLFSPEED INC,977852102,N/A,N/A,418400.00000000,NS,USD,10752880.00000000,0.056487009882,Long,EC,N/A,N/A,N/A,N/A,1,N/A,N/A,N/A,N/A,N/A,N/A,N/A,N/A,N/A,N/A,N/A,N/A,N/A,N/A,N/A,N,N,Y,418110
NPORT-P,FLEXSHARES TRUST,2024-09-30,"Wolfspeed, Inc.",549300OGU88P3AW3TO93,"Wolfspeed, Inc.",977852102,N/A,N/A,2415.00000000,NS,USD,45522.75000000,0.002731427972,Long,EC,N/A,N/A,N/A,N/A,1,N/A,N/A,N/A,N/A,N/A,N/A,N/A,N/A,N/A,N/A,N/A,N/A,N/A,N/A,N/A,N,N,Y,104
NPORT-P,GROWTH FUND OF AMERICA,2024-07-26,WOLFSPEED INC,549300OGU88P3AW3TO93,WOLFSPEED INC,977852102,N/A,WOLF,8808854.000000000000,NS,USD,226387547.800000000000,0.0835602155,Long,EC,N/A,N/A,N/A,N/A,1,N/A,N/A,N/A,N/A,N/A,N/A,N/A,N/A,N/A,N/A,N/A,N/A,N/A,N/A,N/A,N,N,Y,69671
NPORT-P,GuideStone Funds,2024-08-27,Wolfspeed Inc.,549300OGU88P3AW3TO93,WOLF 1.875 12/01/29,977852AD4,N/A,N/A,15000,PA,USD,8340,0.0005657175,Long,DBT,N/A,N/A,N/A,N/A,2,N/A,N/A,N/A,N/A,N/A,N/A,N/A,N/A,N/A,N/A,N/A,N/A,N/A,N/A,N/A,N,N,N,0
NPORT-P,GuideStone Funds,2024-08-27,Wolfspeed Inc.,549300OGU88P3AW3TO93,WOLF 1.75 05/01/26,225447AD3,N/A,N/A,3037000,PA,USD,2710522.5,0.1838597231,Long,DBT,N/A,N/A,N/A,N/A,2,N/A,N/A,N/A,N/A,N/A,N/A,N/A,N/A,N/A,N/A,N/A,N/A,N/A,N/A,N/A,N,N,N,0
NPORT-P,GuideStone Funds,2024-08-27,Wolfspeed Inc.,549300OGU88P3AW3TO93,Wolfspeed Inc. COM,977852102,N/A,N/A,737,NS,USD,16774.12,0.0089700293,Long,EC,N/A,N/A,N/A,N/A,1,N/A,N/A,N/A,N/A,N/A,N/A,N/A,N/A,N/A,N/A,N/A,N/A,N/A,N/A,N/A,N,N,Y,737
NPORT-P,GuideStone Funds,2024-08-27,CFD_EQS FIN LEG WOLFSPEED,N/A,CFD_EQS GOLDUS33 BMBVND9,977852102,N/A,9L2CSCU,-11940,NC,USD,-271754.4,-0.1066957025,N/A,DE,N/A,N/A,N/A,N/A,2,N/A,N/A,N/A,N/A,N/A,N/A,N/A,N/A,N/A,N/A,N/A,N/A,N/A,N/A,N/A,N,N,N,0
NPORT-P,INVESCO EXCHANGE-TRADED FUND TRUST,2024-07-01,"Wolfspeed, Inc.",549300OGU88P3AW3TO93,"Wolfspeed, Inc.",977852102,N/A,N/A,120418.00000000,NS,USD,3254898.54000000,0.143899234927,Long,EC,N/A,N/A,N/A,N/A,1,N/A,N/A,N/A,N/A,N/A,N/A,N/A,N/A,N/A,N/A,N/A,N/A,N/A,N/A,N/A,N,N,Y,122806
NPORT-P,INVESCO EXCHANGE-TRADED FUND TRUST,2024-09-27,"Wolfspeed, Inc.",549300OGU88P3AW3TO93,"Wolfspeed, Inc.",977852102,N/A,N/A,221308.00000000,NS,USD,4171655.80000000,1.215680722255,Long,EC,N/A,N/A,N/A,N/A,1,N/A,N/A,N/A,N/A,N/A,N/A,N/A,N/A,N/A,N/A,N/A,N/A,N/A,N/A,N/A,N,N,N,0
NPORT-P,INVESCO EXCHANGE-TRADED FUND TRUST,2024-09-30,"Wolfspeed, Inc.",549300OGU88P3AW3TO93,"Wolfspeed, Inc.",977852102,N/A,N/A,120298.00000000,NS,USD,2267617.30000000,0.088686490721,Long,EC,N/A,N/A,N/A,N/A,1,N/A,N/A,N/A,N/A,N/A,N/A,N/A,N/A,N/A,N/A,N/A,N/A,N/A,N/A,N/A,N,N,Y,112342
NPORT-P,Invesco Exchange-Traded Fund Trust II,2024-07-29,"Wolfspeed, Inc.",549300OGU88P3AW3TO93,"Wolfspeed, Inc.",977852102,N/A,N/A,40849.00000000,NS,USD,1049819.30000000,0.256432266526,Long,EC,N/A,N/A,N/A,N/A,1,N/A,N/A,N/A,N/A,N/A,N/A,N/A,N/A,N/A,N/A,N/A,N/A,N/A,N/A,N/A,N,N,Y,40752
NPORT-P,Invesco Exchange-Traded Fund Trust II,2024-07-29,"Wolfspeed, Inc.",549300OGU88P3AW3TO93,"Wolfspeed, Inc.",977852102,N/A,N/A,11000.00000000,NS,USD,282700.00000000,0.036133198661,Long,EC,N/A,N/A,N/A,N/A,1,N/A,N/A,N/A,N/A,N/A,N/A,N/A,N/A,N/A,N/A,N/A,N/A,N/A,N/A,N/A,N,N,Y,10601
NPORT-P,Invesco Exchange-Traded Fund Trust II,2024-07-30,"Wolfspeed, Inc.",549300OGU88P3AW3TO93,"Wolfspeed, Inc.",977852102,N/A,N/A,13967.00000000,NS,USD,358951.90000000,0.060203015601,Long,EC,N/A,N/A,N/A,N/A,1,N/A,N/A,N/A,N/A,N/A,N/A,N/A,N/A,N/A,N/A,N/A,N/A,N/A,N/A,N/A,N,N,Y,13631
NPORT-P,Invesco Exchange-Traded Fund Trust II,2024-09-27,"Wolfspeed, Inc.",549300OGU88P3AW3TO93,"Wolfspeed, Inc.",977852102,N/A,N/A,41735.00000000,NS,USD,786704.75000000,0.713378518921,Long,EC,N/A,N/A,N/A,N/A,1,N/A,N/A,N/A,N/A,N/A,N/A,N/A,N/A,N/A,N/A,N/A,N/A,N/A,N/A,N/A,N,N,Y,36277
NPORT-P,J.P. Morgan Exchange-Traded Fund Trust,2024-08-28,"Wolfspeed, Inc.",549300OGU88P3AW3TO93,"Wolfspeed, Inc.",977852102,N/A,N/A,21616.00000000,NS,USD,491980.16000000,0.043731210022,Long,EC,N/A,N/A,N/A,N/A,1,N/A,N/A,N/A,N/A,N/A,N/A,N/A,N/A,N/A,N/A,N/A,N/A,N/A,N/A,N/A,N,N,Y,19994
NPORT-P,J.P. Morgan Exchange-Traded Fund Trust,2024-09-26,"Wolfspeed, Inc.",549300OGU88P3AW3TO93,"Wolfspeed, Inc.",977852102,N/A,N/A,57428.00000000,NS,USD,1082517.80000000,0.059464244918,Long,EC,N/A,N/A,N/A,N/A,1,N/A,N/A,N/A,N/A,N/A,N/A,N/A,N/A,N/A,N/A,N/A,N/A,N/A,N/A,N/A,N,N,Y,47307
NPORT-P,JNL SERIES TRUST,2024-08-28,"Wolfspeed, Inc.",549300OGU88P3AW3TO93,"Wolfspeed, Inc.",977852102,N/A,977852102,163094,NS,USD,3712019.44,0.1099407780,Long,EC,N/A,N/A,N/A,N/A,1,N/A,N/A,N/A,N/A,N/A,N/A,N/A,N/A,N/A,N/A,N/A,N/A,N/A,N/A,N/A,N,N,Y,5984
NPORT-P,JNL SERIES TRUST,2024-08-28,"Wolfspeed, Inc.",549300OGU88P3AW3TO93,"Wolfspeed, Inc.",977852102,N/A,977852102,7952,NS,USD,180987.52,0.0306417180,Long,EC,N/A,N/A,N/A,N/A,1,N/A,N/A,N/A,N/A,N/A,N/A,N/A,N/A,N/A,N/A,N/A,N/A,N/A,N/A,N/A,N,N,Y,7952
NPORT-P,JNL SERIES TRUST,2024-08-28,"Wolfspeed, Inc.",549300OGU88P3AW3TO93,"Wolfspeed, Inc.",977852102,N/A,977852102,2728,NS,USD,62089.28,0.0044217861,Long,EC,N/A,N/A,N/A,N/A,1,N/A,N/A,N/A,N/A,N/A,N/A,N/A,N/A,N/A,N/A,N/A,N/A,N/A,N/A,N/A,N,N,Y,2708
NPORT-P,JNL SERIES TRUST,2024-08-28,"Wolfspeed, Inc.",549300OGU88P3AW3TO93,"Wolfspeed, Inc.",977852AD4,N/A,977852AD4,412000,PA,USD,228505.09,0.0146559117,Long,DBT,N/A,N/A,N/A,N/A,2,N/A,N/A,N/A,N/A,N/A,N/A,N/A,N/A,N/A,N/A,N/A,N/A,N/A,N/A,N/A,N,N,N,0
NPORT-P,JNL SERIES TRUST,2024-08-28,"Wolfspeed, Inc.",549300OGU88P3AW3TO93,"Wolfspeed, Inc.",977852102,N/A,977852102,186401,NS,USD,4242486.76,0.0605653863,Long,EC,N/A,N/A,N/A,N/A,1,N/A,N/A,N/A,N/A,N/A,N/A,N/A,N/A,N/A,N/A,N/A,N/A,N/A,N/A,N/A,N,N,Y,16032
NPORT-P,JNL SERIES TRUST,2024-08-28,"Wolfspeed, Inc.",549300OGU88P3AW3TO93,"Wolfspeed, Inc.",977852102,N/A,977852102,13353,NS,USD,303914.28,0.0057955282,Long,EC,N/A,N/A,N/A,N/A,1,N/A,N/A,N/A,N/A,N/A,N/A,N/A,N/A,N/A,N/A,N/A,N/A,N/A,N/A,N/A,N,N,Y,738
NPORT-P,JNL SERIES TRUST,2024-08-28,"Wolfspeed, Inc.",549300OGU88P3AW3TO93,"Wolfspeed, Inc.",977852102,N/A,977852102,9812,NS,USD,223321.12,0.0551977359,Long,EC,N/A,N/A,N/A,N/A,1,N/A,N/A,N/A,N/A,N/A,N/A,N/A,N/A,N/A,N/A,N/A,N/A,N/A,N/A,N/A,N,N,Y,9812
NPORT-P,JOHN HANCOCK INVESTMENT TRUST,2024-08-27,Wolfspeed Inc.,549300OGU88P3AW3TO93,WOLFSPEED INC COMMON STOCK USD.00125,977852102,N/A,N/A,29156,NS,USD,663590.56,0.0642593725,Long,EC,N/A,N/A,N/A,N/A,1,N/A,N/A,N/A,N/A,N/A,N/A,N/A,N/A,N/A,N/A,N/A,N/A,N/A,N/A,N/A,N,N,Y,12178
NPORT-P,JOHN HANCOCK VARIABLE INSURANCE TRUST,2024-08-27,Wolfspeed Inc.,549300OGU88P3AW3TO93,WOLFSPEED INC COMMON STOCK USD.00125,977852102,N/A,N/A,55776,NS,USD,1269461.76,0.1042613232,Long,EC,N/A,N/A,N/A,N/A,1,N/A,N/A,N/A,N/A,N/A,N/A,N/A,N/A,N/A,N/A,N/A,N/A,N/A,N/A,N/A,N,N,N,0
NPORT-P,JOHN HANCOCK VARIABLE INSURANCE TRUST,2024-08-27,Wolfspeed Inc.,549300OGU88P3AW3TO93,WOLFSPEED INC SR UNSECURED 02/28 0.25,977852AB8,N/A,N/A,978000,PA,USD,576531,0.0922264060,Long,DBT,N/A,N/A,N/A,N/A,2,N/A,N/A,N/A,N/A,N/A,N/A,N/A,N/A,N/A,N/A,N/A,N/A,N/A,N/A,N/A,N,N,N,0
NPORT-P,JOHN HANCOCK VARIABLE INSURANCE TRUST,2024-08-27,Wolfspeed Inc.,549300OGU88P3AW3TO93,WOLFSPEED INC SR UNSECURED 12/29 1.875,977852AD4,N/A,N/A,3436000,PA,USD,1893236,0.3028568316,Long,DBT,N/A,N/A,N/A,N/A,2,N/A,N/A,N/A,N/A,N/A,N/A,N/A,N/A,N/A,N/A,N/A,N/A,N/A,N/A,N/A,N,N,N,0
NPORT-P,JOHN HANCOCK VARIABLE INSURANCE TRUST,2024-08-27,Wolfspeed Inc.,549300OGU88P3AW3TO93,WOLFSPEED INC COMMON STOCK USD.00125,977852102,N/A,N/A,20500,NS,USD,466580,0.0425555034,Long,EC,N/A,N/A,N/A,N/A,1,N/A,N/A,N/A,N/A,N/A,N/A,N/A,N/A,N/A,N/A,N/A,N/A,N/A,N/A,N/A,N,N,N,0
NPORT-P,JOHN HANCOCK VARIABLE INSURANCE TRUST,2024-08-27,Wolfspeed Inc.,549300OGU88P3AW3TO93,WOLFSPEED INC COMMON STOCK USD.00125,977852102,N/A,N/A,23313,NS,USD,530603.88,0.0073540426,Long,EC,N/A,N/A,N/A,N/A,1,N/A,N/A,N/A,N/A,N/A,N/A,N/A,N/A,N/A,N/A,N/A,N/A,N/A,N/A,N/A,N,N,N,0
NPORT-P,JOHN HANCOCK VARIABLE INSURANCE TRUST,2024-08-27,Wolfspeed Inc.,549300OGU88P3AW3TO93,WOLFSPEED INC COMMON STOCK USD.00125,977852102,N/A,N/A,2162,NS,USD,49207.12,0.0051137908,Long,EC,N/A,N/A,N/A,N/A,1,N/A,N/A,N/A,N/A,N/A,N/A,N/A,N/A,N/A,N/A,N/A,N/A,N/A,N/A,N/A,N,N,N,0
NPORT-P,John Hancock Funds II,2024-07-29,Wolfspeed Inc.,549300OGU88P3AW3TO93,WOLFSPEED INC SR UNSECURED 12/29 1.875,977852AD4,N/A,N/A,8093000,PA,USD,4499708,0.3048710978,Long,DBT,N/A,N/A,N/A,N/A,2,N/A,N/A,N/A,N/A,N/A,N/A,N/A,N/A,N/A,N/A,N/A,N/A,N/A,N/A,N/A,N,N,N,0
NPORT-P,John Hancock Funds II,2024-07-29,Wolfspeed Inc.,549300OGU88P3AW3TO93,WOLFSPEED INC SR UNSECURED 02/28 0.25,977852AB8,N/A,N/A,2313000,PA,USD,1368139.5,0.0926962797,Long,DBT,N/A,N/A,N/A,N/A,2,N/A,N/A,N/A,N/A,N/A,N/A,N/A,N/A,N/A,N/A,N/A,N/A,N/A,N/A,N/A,N,N,N,0
NPORT-P,M FUND INC,2024-08-22,Wolfspeed Inc,549300OGU88P3AW3TO93,"Wolfspeed, Inc.",977852102,N/A,N/A,73370.00000000,NS,USD,1669901.20000000,0.726909636864,Long,EC,N/A,N/A,N/A,N/A,1,N/A,N/A,N/A,N/A,N/A,N/A,N/A,N/A,N/A,N/A,N/A,N/A,N/A,N/A,N/A,N,N,Y,63651
NPORT-P,MASSMUTUAL SELECT FUNDS,2024-08-29,WOLFSPEED INC,549300OGU88P3AW3TO93,SR UNSECURED 02/28 0.25,977852AB8,N/A,BN4BB62,330000,PA,USD,194535,0.029675856473,Long,DBT,N/A,N/A,N/A,N/A,2,N/A,N/A,N/A,N/A,N/A,N/A,N/A,N/A,N/A,N/A,N/A,N/A,N/A,N/A,N/A,N,N,N,0
NPORT-P,MASSMUTUAL SELECT FUNDS,2024-08-29,WOLFSPEED INC,549300OGU88P3AW3TO93,SR UNSECURED 12/29 1.875,977852AD4,N/A,BS54RG7,1265000,PA,USD,697015,0.106327998043,Long,DBT,N/A,N/A,N/A,N/A,2,N/A,N/A,N/A,N/A,N/A,N/A,N/A,N/A,N/A,N/A,N/A,N/A,N/A,N/A,N/A,N,N,N,0
NPORT-P,MASTER INVESTMENT PORTFOLIO,2024-08-26,Wolfspeed Inc,549300OGU88P3AW3TO93,Wolfspeed Inc,977852102,N/A,N/A,80018.00000000,NS,USD,1821209.68000000,0.005445736414,Long,EC,N/A,N/A,N/A,N/A,1,N/A,N/A,N/A,N/A,N/A,N/A,N/A,N/A,N/A,N/A,N/A,N/A,N/A,N/A,N/A,N,N,Y,802
NPORT-P,NATIONWIDE MUTUAL FUNDS,2024-09-17,"Wolfspeed, Inc.",549300OGU88P3AW3TO93,"Wolfspeed, Inc.",977852102,N/A,N/A,27672.00000000,NS,USD,521617.20000000,0.084384804891,Long,EC,N/A,N/A,N/A,N/A,1,N/A,N/A,N/A,N/A,N/A,N/A,N/A,N/A,N/A,N/A,N/A,N/A,N/A,N/A,N/A,N,N,Y,17862
NPORT-P,NATIONWIDE MUTUAL FUNDS,2024-09-17,"Wolfspeed, Inc.",549300OGU88P3AW3TO93,"Wolfspeed, Inc.",977852102,N/A,N/A,69201.00000000,NS,USD,1304438.85000000,0.573536808362,Long,EC,N/A,N/A,N/A,N/A,1,N/A,N/A,N/A,N/A,N/A,N/A,N/A,N/A,N/A,N/A,N/A,N/A,N/A,N/A,N/A,N,N,Y,59045
NPORT-P,NATIONWIDE VARIABLE INSURANCE TRUST,2024-08-27,"Wolfspeed, Inc.",549300OGU88P3AW3TO93,"Wolfspeed, Inc.",977852102,N/A,N/A,56126.00000000,NS,USD,1277427.76000000,0.107690449102,Long,EC,N/A,N/A,N/A,N/A,1,N/A,N/A,N/A,N/A,N/A,N/A,N/A,N/A,N/A,N/A,N/A,N/A,N/A,N/A,N/A,N,N,Y,57283
NPORT-P,NEW ECONOMY FUND,2024-07-08,WOLFSPEED INC,549300OGU88P3AW3TO93,WOLFSPEED INC,977852102,N/A,WOLF,2093227.000000000000,NS,USD,53795933.900000000000,0.1630260274,Long,EC,N/A,N/A,N/A,N/A,1,N/A,N/A,N/A,N/A,N/A,N/A,N/A,N/A,N/A,N/A,N/A,N/A,N/A,N/A,N/A,N,N,N,0
NPORT-P,NEW PERSPECTIVE FUND,2024-08-28,WOLFSPEED INC,549300OGU88P3AW3TO93,WOLFSPEED INC,977852102,N/A,WOLF,2255516.000000000000,NS,USD,51335544.160000000000,0.0368814063,Long,EC,N/A,N/A,N/A,N/A,1,N/A,N/A,N/A,N/A,N/A,N/A,N/A,N/A,N/A,N/A,N/A,N/A,N/A,N/A,N/A,N,N,N,0
NPORT-P,NEW WORLD FUND INC,2024-09-26,WOLFSPEED INC,549300OGU88P3AW3TO93,WOLFSPEED INC,977852102,N/A,WOLF,1887288.000000000000,NS,USD,35575378.800000000000,0.0589796018,Long,EC,N/A,N/A,N/A,N/A,1,N/A,N/A,N/A,N/A,N/A,N/A,N/A,N/A,N/A,N/A,N/A,N/A,N/A,N/A,N/A,N,N,Y,31568
NPORT-P,Nuveen S&P 500 Dynamic Overwrite Fund,2024-08-27,Wolfspeed Inc,549300OGU88P3AW3TO93,Wolfspeed Inc,977852102,N/A,N/A,2647.00000000,NS,USD,60245.72000000,0.019077841883,Long,EC,N/A,N/A,N/A,N/A,1,N/A,N/A,N/A,N/A,N/A,N/A,N/A,N/A,N/A,N/A,N/A,N/A,N/A,N/A,N/A,N,N,Y,2620
NPORT-P,PROSHARES TRUST,2024-07-29,"Wolfspeed, Inc.",549300OGU88P3AW3TO93,"Wolfspeed, Inc.",977852102,N/A,N/A,1050.00000000,NS,USD,26985.00000000,0.081754332696,Long,EC,N/A,N/A,N/A,N/A,1,N/A,N/A,N/A,N/A,N/A,N/A,N/A,N/A,N/A,N/A,N/A,N/A,N/A,N/A,N/A,N,N,N,0
NPORT-P,PROSHARES TRUST,2024-07-29,"Wolfspeed, Inc.",549300OGU88P3AW3TO93,"Wolfspeed, Inc.",977852102,N/A,N/A,5013.00000000,NS,USD,128834.10000000,0.093604745554,Long,EC,N/A,N/A,N/A,N/A,1,N/A,N/A,N/A,N/A,N/A,N/A,N/A,N/A,N/A,N/A,N/A,N/A,N/A,N/A,N/A,N,N,N,0
NPORT-P,PROSHARES TRUST,2024-07-29,"Wolfspeed, Inc.",549300OGU88P3AW3TO93,"Wolfspeed, Inc.",977852102,N/A,N/A,15796.00000000,NS,USD,405957.20000000,0.040496180625,Long,EC,N/A,N/A,N/A,N/A,1,N/A,N/A,N/A,N/A,N/A,N/A,N/A,N/A,N/A,N/A,N/A,N/A,N/A,N/A,N/A,N,N,N,0
NPORT-P,Pacer Funds Trust,2024-09-27,Wolfspeed Inc,549300OGU88P3AW3TO93,Wolfspeed Inc,977852102,N/A,N/A,20750.000000000000,NS,USD,391137.500000000000,0.6541211841,Long,EC,N/A,N/A,N/A,N/A,1,N/A,N/A,N/A,N/A,N/A,N/A,N/A,N/A,N/A,N/A,N/A,N/A,N/A,N/A,N/A,N,N,Y,19173
NPORT-P,Pacer Funds Trust,2024-09-27,Wolfspeed Inc,549300OGU88P3AW3TO93,Wolfspeed Inc,977852102,N/A,N/A,18591.000000000000,NS,USD,350440.350000000000,0.0842775712,Long,EC,N/A,N/A,N/A,N/A,1,N/A,N/A,N/A,N/A,N/A,N/A,N/A,N/A,N/A,N/A,N/A,N/A,N/A,N/A,N/A,N,N,Y,17634
NPORT-P,"RBB FUND, INC.",2024-07-29,Wolfspeed Inc,549300OGU88P3AW3TO93,Wolfspeed Inc,977852102,N/A,N/A,32702.000000000000,NS,USD,840441.400000000000,1.0854855398,Long,EC,N/A,N/A,N/A,N/A,1,N/A,N/A,N/A,N/A,N/A,N/A,N/A,N/A,N/A,N/A,N/A,N/A,N/A,N/A,N/A,N,N,Y,27880
NPORT-P,RYDEX SERIES FUNDS,2024-08-29,Wolfspeed Inc,549300OGU88P3AW3TO93,"Wolfspeed, Inc.",977852102,N/A,N/A,28246.00000000,NS,USD,642878.96000000,0.468004038144,Long,EC,N/A,N/A,N/A,N/A,1,N/A,N/A,N/A,N/A,N/A,N/A,N/A,N/A,N/A,N/A,N/A,N/A,N/A,N/A,N/A,N,N,Y,14271
NPORT-P,RYDEX SERIES FUNDS,2024-08-29,Wolfspeed Inc,549300OGU88P3AW3TO93,"Wolfspeed, Inc.",977852102,N/A,N/A,504.00000000,NS,USD,11471.04000000,0.088297626798,Long,EC,N/A,N/A,N/A,N/A,1,N/A,N/A,N/A,N/A,N/A,N/A,N/A,N/A,N/A,N/A,N/A,N/A,N/A,N/A,N/A,N,N,N,0
NPORT-P,SA FUNDS INVESTMENT TRUST,2024-08-16,Wolfspeed Inc,549300OGU88P3AW3TO93,Wolfspeed Inc,977852102,N/A,N/A,857.00000000,NS,USD,19505.32000000,0.002832994819,Long,EC,N/A,N/A,N/A,N/A,1,N/A,N/A,N/A,N/A,N/A,N/A,N/A,N/A,N/A,N/A,N/A,N/A,N/A,N/A,N/A,N,N,Y,874
NPORT-P,SA FUNDS INVESTMENT TRUST,2024-08-16,Wolfspeed Inc,549300OGU88P3AW3TO93,Wolfspeed Inc,977852102,N/A,N/A,9115.00000000,NS,USD,207457.40000000,0.067244771015,Long,EC,N/A,N/A,N/A,N/A,1,N/A,N/A,N/A,N/A,N/A,N/A,N/A,N/A,N/A,N/A,N/A,N/A,N/A,N/A,N/A,N,N,Y,9303
NPORT-P,SMALLCAP WORLD FUND INC,2024-08-28,WOLFSPEED INC,549300OGU88P3AW3TO93,WOLFSPEED INC,977852102,N/A,WOLF,3859375.000000000000,NS,USD,87839375.000000000000,0.1214952915,Long,EC,N/A,N/A,N/A,N/A,1,N/A,N/A,N/A,N/A,N/A,N/A,N/A,N/A,N/A,N/A,N/A,N/A,N/A,N/A,N/A,N,N,Y,1989757
NPORT-P,SPDR INDEX SHARES FUNDS,2024-08-28,Wolfspeed Inc,549300OGU88P3AW3TO93,Wolfspeed Inc,977852102,N/A,N/A,362.00000000,NS,USD,8239.12000000,0.001031889033,Long,EC,N/A,N/A,N/A,N/A,1,N/A,N/A,N/A,N/A,N/A,N/A,N/A,N/A,N/A,N/A,N/A,N/A,N/A,N/A,N/A,N,N,Y,324
NPORT-P,SPDR SERIES TRUST,2024-08-28,Wolfspeed Inc,549300OGU88P3AW3TO93,Wolfspeed Inc,977852102,N/A,N/A,1769795.00000000,NS,USD,40280534.20000000,2.625418435364,Long,EC,N/A,N/A,N/A,N/A,1,N/A,N/A,N/A,N/A,N/A,N/A,N/A,N/A,N/A,N/A,N/A,N/A,N/A,N/A,N/A,N,N,Y,1607951
NPORT-P,SPDR SERIES TRUST,2024-08-28,WOLFSPEED INC,549300OGU88P3AW3TO93,Wolfspeed Inc,225447AD3,N/A,N/A,5410000.00000000,PA,USD,4868783.60000000,0.142202914050,Long,DBT,N/A,N/A,N/A,N/A,2,N/A,N/A,N/A,N/A,N/A,N/A,N/A,N/A,N/A,N/A,N/A,N/A,N/A,N/A,N/A,N,N,N,0
NPORT-P,SPDR SERIES TRUST,2024-08-28,WOLFSPEED INC,549300OGU88P3AW3TO93,Wolfspeed Inc,977852AD4,N/A,N/A,29887000.00000000,PA,USD,16608803.64000000,0.485094526792,Long,DBT,N/A,N/A,N/A,N/A,2,N/A,N/A,N/A,N/A,N/A,N/A,N/A,N/A,N/A,N/A,N/A,N/A,N/A,N/A,N/A,N,N,N,0
NPORT-P,SPDR SERIES TRUST,2024-08-28,WOLFSPEED INC,549300OGU88P3AW3TO93,Wolfspeed Inc,977852AB8,N/A,N/A,9512000.00000000,PA,USD,5595719.36000000,0.163434579265,Long,DBT,N/A,N/A,N/A,N/A,2,N/A,N/A,N/A,N/A,N/A,N/A,N/A,N/A,N/A,N/A,N/A,N/A,N/A,N/A,N/A,N,N,N,0
NPORT-P,SPDR SERIES TRUST,2024-08-28,Wolfspeed Inc,549300OGU88P3AW3TO93,Wolfspeed Inc,977852102,N/A,N/A,104180.00000000,NS,USD,2371136.80000000,0.096542292619,Long,EC,N/A,N/A,N/A,N/A,1,N/A,N/A,N/A,N/A,N/A,N/A,N/A,N/A,N/A,N/A,N/A,N/A,N/A,N/A,N/A,N,N,Y,95370
NPORT-P,SPDR SERIES TRUST,2024-08-28,Wolfspeed Inc,549300OGU88P3AW3TO93,Wolfspeed Inc,977852102,N/A,N/A,12.00000000,NS,USD,273.12000000,0.000255729369,Long,EC,N/A,N/A,N/A,N/A,1,N/A,N/A,N/A,N/A,N/A,N/A,N/A,N/A,N/A,N/A,N/A,N/A,N/A,N/A,N/A,N,N,Y,10
NPORT-P,SPDR SERIES TRUST,2024-08-28,Wolfspeed Inc,549300OGU88P3AW3TO93,Wolfspeed Inc,977852102,N/A,N/A,474968.00000000,NS,USD,10810271.68000000,0.107402338371,Long,EC,N/A,N/A,N/A,N/A,1,N/A,N/A,N/A,N/A,N/A,N/A,N/A,N/A,N/A,N/A,N/A,N/A,N/A,N/A,N/A,N,N,Y,431324
NPORT-P,SPDR SERIES TRUST,2024-08-28,Wolfspeed Inc,549300OGU88P3AW3TO93,Wolfspeed Inc,977852102,N/A,N/A,18830.00000000,NS,USD,428570.80000000,0.004996002891,Long,EC,N/A,N/A,N/A,N/A,1,N/A,N/A,N/A,N/A,N/A,N/A,N/A,N/A,N/A,N/A,N/A,N/A,N/A,N/A,N/A,N,N,Y,17181
NPORT-P,SPDR SERIES TRUST,2024-08-28,Wolfspeed Inc,549300OGU88P3AW3TO93,Wolfspeed Inc,977852102,N/A,N/A,248.00000000,NS,USD,5644.48000000,0.001599392816,Long,EC,N/A,N/A,N/A,N/A,1,N/A,N/A,N/A,N/A,N/A,N/A,N/A,N/A,N/A,N/A,N/A,N/A,N/A,N/A,N/A,N,N,Y,223
NPORT-P,SPDR SERIES TRUST,2024-08-28,Wolfspeed Inc,549300OGU88P3AW3TO93,Wolfspeed Inc,977852102,N/A,N/A,126687.00000000,NS,USD,2883396.12000000,0.119201105136,Long,EC,N/A,N/A,N/A,N/A,1,N/A,N/A,N/A,N/A,N/A,N/A,N/A,N/A,N/A,N/A,N/A,N/A,N/A,N/A,N/A,N,N,Y,115182
NPORT-P,STATE STREET INSTITUTIONAL INVESTMENT TRUST,2024-08-28,Wolfspeed Inc,549300OGU88P3AW3TO93,Wolfspeed Inc,977852102,N/A,N/A,65.00000000,NS,USD,1479.40000000,0.005871188135,Long,EC,N/A,N/A,N/A,N/A,1,N/A,N/A,N/A,N/A,N/A,N/A,N/A,N/A,N/A,N/A,N/A,N/A,N/A,N/A,N/A,N,N,Y,57
NPORT-P,STATE STREET INSTITUTIONAL INVESTMENT TRUST,2024-08-28,Wolfspeed Inc,549300OGU88P3AW3TO93,Wolfspeed Inc,977852102,N/A,N/A,45301.00000000,NS,USD,1031050.76000000,0.042247416518,Long,EC,N/A,N/A,N/A,N/A,1,N/A,N/A,N/A,N/A,N/A,N/A,N/A,N/A,N/A,N/A,N/A,N/A,N/A,N/A,N/A,N,N,Y,41464
NPORT-P,"T. Rowe Price Index Trust, Inc.",2024-08-27,Wolfspeed Inc,549300OGU88P3AW3TO93,WOLFSPEED INC,977852102,N/A,N/A,19826.000000,NS,USD,451239.760000,0.0481958136,Long,EC,N/A,N/A,N/A,N/A,1,N/A,N/A,N/A,N/A,N/A,N/A,N/A,N/A,N/A,N/A,N/A,N/A,N/A,N/A,N/A,N,N,Y,19627
NPORT-P,"T. Rowe Price Index Trust, Inc.",2024-08-27,Wolfspeed Inc,549300OGU88P3AW3TO93,WOLFSPEED INC,977852102,N/A,N/A,5714.000000,NS,USD,130050.640000,0.0721408085,Long,EC,N/A,N/A,N/A,N/A,1,N/A,N/A,N/A,N/A,N/A,N/A,N/A,N/A,N/A,N/A,N/A,N/A,N/A,N/A,N/A,N,N,Y,5656
NPORT-P,"T. Rowe Price Science & Technology Fund, Inc.",2024-08-27,Wolfspeed Inc,549300OGU88P3AW3TO93,WOLFSPEED INC,977852102,N/A,N/A,168300.000000,NS,USD,3830508.000000,0.0392919207,Long,EC,N/A,N/A,N/A,N/A,1,N/A,N/A,N/A,N/A,N/A,N/A,N/A,N/A,N/A,N/A,N/A,N/A,N/A,N/A,N/A,N,N,Y,1240
NPORT-P,TIAA SEPARATE ACCOUNT VA 1,2024-08-27,Wolfspeed Inc,549300OGU88P3AW3TO93,"Wolfspeed, Inc",977852102,N/A,N/A,3166.00000000,NS,USD,72058.16000000,0.005637135879,Long,EC,N/A,N/A,N/A,N/A,1,N/A,N/A,N/A,N/A,N/A,N/A,N/A,N/A,N/A,N/A,N/A,N/A,N/A,N/A,N/A,N,N,Y,3133
NPORT-P,TIAA-CREF LIFE FUNDS,2024-08-27,Wolfspeed Inc,549300OGU88P3AW3TO93,"Wolfspeed, Inc",977852102,N/A,N/A,1949.00000000,NS,USD,44359.24000000,0.005282838258,Long,EC,N/A,N/A,N/A,N/A,1,N/A,N/A,N/A,N/A,N/A,N/A,N/A,N/A,N/A,N/A,N/A,N/A,N/A,N/A,N/A,N,N,Y,1929
NPORT-P,VALIC Co I,2024-07-29,Wolfspeed Inc,549300OGU88P3AW3TO93,Wolfspeed Inc,977852102,N/A,N/A,140633.00000000,NS,USD,3614268.10000000,0.120920475154,Long,EC,N/A,N/A,N/A,N/A,1,N/A,N/A,N/A,N/A,N/A,N/A,N/A,N/A,N/A,N/A,N/A,N/A,N/A,N/A,N/A,N,N,Y,63747
NPORT-P,VANGUARD HORIZON FUNDS,2024-08-27,Wolfspeed Inc,549300OGU88P3AW3TO93,WOLFSPEED INC,977852102,N/A,N/A,3047300.00000000,NS,USD,69356548.00000000,0.302248322713,Long,EC,N/A,N/A,N/A,N/A,1,N/A,N/A,N/A,N/A,N/A,N/A,N/A,N/A,N/A,N/A,N/A,N/A,N/A,N/A,N/A,N,N,Y,58700
NPORT-P,VANGUARD HORIZON FUNDS,2024-08-27,Wolfspeed Inc,549300OGU88P3AW3TO93,WOLFSPEED INC,977852102,N/A,N/A,13589.00000000,NS,USD,309285.64000000,0.019654284145,Long,EC,N/A,N/A,N/A,N/A,1,N/A,N/A,N/A,N/A,N/A,N/A,N/A,N/A,N/A,N/A,N/A,N/A,N/A,N/A,N/A,N,N,N,0
NPORT-P,VANGUARD INDEX FUNDS,2024-08-27,Wolfspeed Inc,549300OGU88P3AW3TO93,WOLFSPEED INC,977852102,N/A,N/A,3954874.00000000,NS,USD,90012932.24000000,0.005472138202,Long,EC,N/A,N/A,N/A,N/A,1,N/A,N/A,N/A,N/A,N/A,N/A,N/A,N/A,N/A,N/A,N/A,N/A,N/A,N/A,N/A,N,N,Y,163500
NPORT-P,VANGUARD INDEX FUNDS,2024-08-27,Wolfspeed Inc,549300OGU88P3AW3TO93,WOLFSPEED INC,977852102,N/A,N/A,1897297.00000000,NS,USD,43182479.72000000,0.043336369508,Long,EC,N/A,N/A,N/A,N/A,1,N/A,N/A,N/A,N/A,N/A,N/A,N/A,N/A,N/A,N/A,N/A,N/A,N/A,N/A,N/A,N,N,N,0
NPORT-P,VANGUARD INDEX FUNDS,2024-08-27,Wolfspeed Inc,549300OGU88P3AW3TO93,WOLFSPEED INC,977852102,N/A,N/A,1682395.00000000,NS,USD,38291310.20000000,0.112412139509,Long,EC,N/A,N/A,N/A,N/A,1,N/A,N/A,N/A,N/A,N/A,N/A,N/A,N/A,N/A,N/A,N/A,N/A,N/A,N/A,N/A,N,N,N,0
NPORT-P,VANGUARD INDEX FUNDS,2024-08-27,Wolfspeed Inc,549300OGU88P3AW3TO93,WOLFSPEED INC,977852102,N/A,N/A,3165948.00000000,NS,USD,72056976.48000000,0.052023535820,Long,EC,N/A,N/A,N/A,N/A,1,N/A,N/A,N/A,N/A,N/A,N/A,N/A,N/A,N/A,N/A,N/A,N/A,N/A,N/A,N/A,N,N,Y,92300
NPORT-P,VARIABLE INSURANCE PRODUCTS FUND II,2024-08-27,WOLFSPEED INC,549300OGU88P3AW3TO93,WOLFSPEED INC,977852102,N/A,N/A,4948.00000000,NS,USD,112616.48000000,0.050122703552,Long,EC,N/A,N/A,N/A,N/A,1,N/A,N/A,N/A,N/A,N/A,N/A,N/A,N/A,N/A,N/A,N/A,N/A,N/A,N/A,N/A,N,N,Y,4900
NPORT-P,VARIABLE INSURANCE PRODUCTS FUND II,2024-08-27,WOLFSPEED INC,549300OGU88P3AW3TO93,WOLFSPEED INC,977852102,N/A,N/A,2383.00000000,NS,USD,54237.08000000,0.005337867044,Long,EC,N/A,N/A,N/A,N/A,1,N/A,N/A,N/A,N/A,N/A,N/A,N/A,N/A,N/A,N/A,N/A,N/A,N/A,N/A,N/A,N,N,Y,2300
NPORT-P,VICTORY PORTFOLIOS III,2024-09-24,"Wolfspeed, Inc.",549300OGU88P3AW3TO93,WOLFSPEED INC,977852102,N/A,N/A,15986.00000000,NS,USD,301336.10000000,0.038178319135,Long,EC,N/A,N/A,N/A,N/A,1,N/A,N/A,N/A,N/A,N/A,N/A,N/A,N/A,N/A,N/A,N/A,N/A,N/A,N/A,N/A,N,N,Y,14936
NPORT-P,Voya VARIABLE PORTFOLIOS INC,2024-08-20,Wolfspeed Inc,549300OGU88P3AW3TO93,Wolfspeed Inc,977852102,N/A,N/A,6123.00000000,NS,USD,139359.48000000,0.025302439657,Long,EC,N/A,N/A,N/A,N/A,1,N/A,N/A,N/A,N/A,N/A,N/A,N/A,N/A,N/A,N/A,N/A,N/A,N/A,N/A,N/A,N,N,Y,2633
NPORT-P,Voya VARIABLE PORTFOLIOS INC,2024-08-20,Wolfspeed Inc,549300OGU88P3AW3TO93,Wolfspeed Inc,977852102,N/A,N/A,10990.00000000,NS,USD,250132.40000000,0.025309735945,Long,EC,N/A,N/A,N/A,N/A,1,N/A,N/A,N/A,N/A,N/A,N/A,N/A,N/A,N/A,N/A,N/A,N/A,N/A,N/A,N/A,N,N,N,0
NPORT-P,WILMINGTON FUNDS,2024-09-25,Wolfspeed Inc,549300OGU88P3AW3TO93,Wolfspeed Inc,977852102,N/A,N/A,1575.00000000,NS,USD,29688.75000000,0.005129536858,Long,EC,N/A,N/A,N/A,N/A,1,N/A,N/A,N/A,N/A,N/A,N/A,N/A,N/A,N/A,N/A,N/A,N/A,N/A,N/A,N/A,N,N,Y,1575
NPORT-P,WILSHIRE MUTUAL FUNDS INC,2024-08-28,Wolfspeed Inc,549300OGU88P3AW3TO93,Wolfspeed Inc,977852102,N/A,N/A,659.000000000000,NS,USD,14998.840000000000,0.0055964283,Long,EC,N/A,N/A,N/A,N/A,1,N/A,N/A,N/A,N/A,N/A,N/A,N/A,N/A,N/A,N/A,N/A,N/A,N/A,N/A,N/A,N,N,Y,652
NPORT-P,iSHARES TRUST,2024-07-25,"Wolfspeed, Inc.",549300OGU88P3AW3TO93,WOLFSPEED INC,977852102,N/A,N/A,63640.00000000,NS,USD,1635548.00000000,0.099214560748,Long,EC,N/A,N/A,N/A,N/A,1,N/A,N/A,N/A,N/A,N/A,N/A,N/A,N/A,N/A,N/A,N/A,N/A,N/A,N/A,N/A,N,N,N,0
NPORT-P,iSHARES TRUST,2024-08-26,"Wolfspeed, Inc.",549300OGU88P3AW3TO93,WOLFSPEED INC,977852102,N/A,N/A,91902.00000000,NS,USD,2091689.52000000,0.005569140954,Long,EC,N/A,N/A,N/A,N/A,1,N/A,N/A,N/A,N/A,N/A,N/A,N/A,N/A,N/A,N/A,N/A,N/A,N/A,N/A,N/A,N,N,Y,13297
NPORT-P,iSHARES TRUST,2024-08-26,"Wolfspeed, Inc.",549300OGU88P3AW3TO93,WOLFSPEED INC,977852102,N/A,N/A,322577.00000000,NS,USD,7341852.52000000,0.013179846848,Long,EC,N/A,N/A,N/A,N/A,1,N/A,N/A,N/A,N/A,N/A,N/A,N/A,N/A,N/A,N/A,N/A,N/A,N/A,N/A,N/A,N,N,Y,12971
NPORT-P,iSHARES TRUST,2024-08-26,Wolfspeed Inc,549300OGU88P3AW3TO93,Wolfspeed Inc,977852102,N/A,N/A,10782.00000000,NS,USD,245398.32000000,0.122967340092,Long,EC,N/A,N/A,N/A,N/A,1,N/A,N/A,N/A,N/A,N/A,N/A,N/A,N/A,N/A,N/A,N/A,N/A,N/A,N/A,N/A,N,N,N,0
NPORT-P,iSHARES TRUST,2024-08-26,Wolfspeed Inc,549300OGU88P3AW3TO93,Wolfspeed Inc,977852102,N/A,N/A,38257.00000000,NS,USD,870729.32000000,0.004601822301,Long,EC,N/A,N/A,N/A,N/A,1,N/A,N/A,N/A,N/A,N/A,N/A,N/A,N/A,N/A,N/A,N/A,N/A,N/A,N/A,N/A,N,N,Y,30700
NPORT-P,iSHARES TRUST,2024-08-26,Wolfspeed Inc,549300OGU88P3AW3TO93,Wolfspeed Inc,977852102,N/A,N/A,55302.00000000,NS,USD,1258673.52000000,0.007241374347,Long,EC,N/A,N/A,N/A,N/A,1,N/A,N/A,N/A,N/A,N/A,N/A,N/A,N/A,N/A,N/A,N/A,N/A,N/A,N/A,N/A,N,N,Y,4714
NPORT-P,iSHARES TRUST,2024-08-26,Wolfspeed Inc,549300OGU88P3AW3TO93,Wolfspeed Inc,977852102,N/A,N/A,3914689.00000000,NS,USD,89098321.64000000,0.107223774220,Long,EC,N/A,N/A,N/A,N/A,1,N/A,N/A,N/A,N/A,N/A,N/A,N/A,N/A,N/A,N/A,N/A,N/A,N/A,N/A,N/A,N,N,Y,1911821
NPORT-P,iSHARES TRUST,2024-08-26,Wolfspeed Inc,549300OGU88P3AW3TO93,Wolfspeed Inc,977852102,N/A,N/A,33140.00000000,NS,USD,754266.40000000,0.005286334542,Long,EC,N/A,N/A,N/A,N/A,1,N/A,N/A,N/A,N/A,N/A,N/A,N/A,N/A,N/A,N/A,N/A,N/A,N/A,N/A,N/A,N,N,Y,32167
NPORT-P,iSHARES TRUST,2024-08-26,Wolfspeed Inc,549300OGU88P3AW3TO93,Wolfspeed Inc,977852102,N/A,N/A,224365.00000000,NS,USD,5106547.40000000,0.035959486326,Long,EC,N/A,N/A,N/A,N/A,1,N/A,N/A,N/A,N/A,N/A,N/A,N/A,N/A,N/A,N/A,N/A,N/A,N/A,N/A,N/A,N,N,Y,6307
NPORT-P,iSHARES TRUST,2024-08-27,"Wolfspeed, Inc.",549300OGU88P3AW3TO93,"Wolfspeed, Inc.",977852102,N/A,977852102,135362.00000000,NS,USD,3080839.12000000,0.005408608645,Long,EC,N/A,N/A,N/A,N/A,1,N/A,N/A,N/A,N/A,N/A,N/A,N/A,N/A,N/A,N/A,N/A,N/A,N/A,N/A,N/A,N,N,Y,1884
NPORT-P,iSHARES TRUST,2024-08-27,"Wolfspeed, Inc.",549300OGU88P3AW3TO93,"Wolfspeed, Inc.",977852102,N/A,977852102,412843.00000000,NS,USD,9396306.68000000,0.025355289494,Long,EC,N/A,N/A,N/A,N/A,1,N/A,N/A,N/A,N/A,N/A,N/A,N/A,N/A,N/A,N/A,N/A,N/A,N/A,N/A,N/A,N,N,Y,222518
NPORT-P,iSHARES TRUST,2024-08-27,"Wolfspeed, Inc.",549300OGU88P3AW3TO93,"Wolfspeed, Inc.",977852102,N/A,977852102,19788.00000000,NS,USD,450374.88000000,0.047530243572,Long,EC,N/A,N/A,N/A,N/A,1,N/A,N/A,N/A,N/A,N/A,N/A,N/A,N/A,N/A,N/A,N/A,N/A,N/A,N/A,N/A,N,N,Y,17588
NPORT-P,iSHARES TRUST,2024-08-27,"Wolfspeed, Inc.",549300OGU88P3AW3TO93,"Wolfspeed, Inc.",977852102,N/A,977852102,52252.00000000,NS,USD,1189255.52000000,0.023838368120,Long,EC,N/A,N/A,N/A,N/A,1,N/A,N/A,N/A,N/A,N/A,N/A,N/A,N/A,N/A,N/A,N/A,N/A,N/A,N/A,N/A,N,N,N,0
NPORT-P,iSHARES TRUST,2024-08-27,"Wolfspeed, Inc.",549300OGU88P3AW3TO93,"Wolfspeed, Inc.",977852102,N/A,977852102,385806.00000000,NS,USD,8780944.56000000,0.119124804414,Long,EC,N/A,N/A,N/A,N/A,1,N/A,N/A,N/A,N/A,N/A,N/A,N/A,N/A,N/A,N/A,N/A,N/A,N/A,N/A,N/A,N,N,Y,68800
NPORT-P,iSHARES TRUST,2024-08-27,"Wolfspeed, Inc.",549300OGU88P3AW3TO93,"Wolfspeed, Inc.",977852102,N/A,977852102,402569.00000000,NS,USD,9162470.44000000,0.096470706221,Long,EC,N/A,N/A,N/A,N/A,1,N/A,N/A,N/A,N/A,N/A,N/A,N/A,N/A,N/A,N/A,N/A,N/A,N/A,N/A,N/A,N,N,Y,168093
NPORT-P,iSHARES TRUST,2024-08-27,"Wolfspeed, Inc.",549300OGU88P3AW3TO93,"Wolfspeed, Inc.",977852102,N/A,977852102,1887923.00000000,NS,USD,42969127.48000000,0.287254651705,Long,EC,N/A,N/A,N/A,N/A,1,N/A,N/A,N/A,N/A,N/A,N/A,N/A,N/A,N/A,N/A,N/A,N/A,N/A,N/A,N/A,N,N,Y,664743
NPORT-P,iSHARES TRUST,2024-09-24,"Wolfspeed, Inc.",549300OGU88P3AW3TO93,WOLFSPEED INC,977852102,N/A,N/A,214800.00000000,NS,USD,4048980.00000000,0.021732877229,Long,EC,N/A,N/A,N/A,N/A,1,N/A,N/A,N/A,N/A,N/A,N/A,N/A,N/A,N/A,N/A,N/A,N/A,N/A,N/A,N/A,N,N,Y,109441
NPORT-P,iSHARES TRUST,2024-09-24,"Wolfspeed, Inc.",549300OGU88P3AW3TO93,WOLFSPEED INC,977852102,N/A,N/A,4718.00000000,NS,USD,88934.30000000,0.004462897609,Long,EC,N/A,N/A,N/A,N/A,1,N/A,N/A,N/A,N/A,N/A,N/A,N/A,N/A,N/A,N/A,N/A,N/A,N/A,N/A,N/A,N,N,Y,4670
NPORT-P,iSHARES TRUST,2024-09-24,Wolfspeed Inc,549300OGU88P3AW3TO93,Wolfspeed Inc,977852102,N/A,N/A,5806.00000000,NS,USD,109443.10000000,0.047557263086,Long,EC,N/A,N/A,N/A,N/A,1,N/A,N/A,N/A,N/A,N/A,N/A,N/A,N/A,N/A,N/A,N/A,N/A,N/A,N/A,N/A,N,N,Y,79
NPORT-P,iSHARES TRUST,2024-09-27,"Wolfspeed, Inc.",549300OGU88P3AW3TO93,"Wolfspeed, Inc.",977852102,N/A,977852102,14248.00000000,NS,USD,268574.80000000,0.061544722764,Long,EC,N/A,N/A,N/A,N/A,1,N/A,N/A,N/A,N/A,N/A,N/A,N/A,N/A,N/A,N/A,N/A,N/A,N/A,N/A,N/A,N,N,Y,6677
NPORT-P,iSHARES TRUST,2024-09-27,"Wolfspeed, Inc.",549300OGU88P3AW3TO93,"Wolfspeed, Inc.",977852102,N/A,977852102,10639.00000000,NS,USD,200545.15000000,0.033983662602,Long,EC,N/A,N/A,N/A,N/A,1,N/A,N/A,N/A,N/A,N/A,N/A,N/A,N/A,N/A,N/A,N/A,N/A,N/A,N/A,N/A,N,N,N,0
NPORT-P,iSHARES TRUST,2024-09-27,WOLFSPEED INC,549300OGU88P3AW3TO93,Wolfspeed Inc,225447AD3,N/A,N/A,4676000.00000000,PA,USD,3990712.37000000,0.203663437083,Long,DBT,N/A,N/A,N/A,N/A,2,N/A,N/A,N/A,N/A,N/A,N/A,N/A,N/A,N/A,N/A,N/A,N/A,N/A,N/A,N/A,N,N,N,0
NPORT-P,iSHARES TRUST,2024-09-27,WOLFSPEED INC,549300OGU88P3AW3TO93,Wolfspeed Inc,977852AD4,N/A,N/A,14075000.00000000,PA,USD,7001814.10000000,0.357333075705,Long,DBT,N/A,N/A,N/A,N/A,2,N/A,N/A,N/A,N/A,N/A,N/A,N/A,N/A,N/A,N/A,N/A,N/A,N/A,N/A,N/A,N,N,N,0
NPORT-P,iSHARES TRUST,2024-09-27,WOLFSPEED INC,549300OGU88P3AW3TO93,Wolfspeed Inc,977852AB8,N/A,N/A,5700000.00000000,PA,USD,3011150.46000000,0.153672125525,Long,DBT,N/A,N/A,N/A,N/A,2,N/A,N/A,N/A,N/A,N/A,N/A,N/A,N/A,N/A,N/A,N/A,N/A,N/A,N/A,N/A,N,N,N,0
NPORT-P,ADVANCED SERIES TRUST,2024-11-25,Wolfspeed Inc,549300OGU88P3AW3TO93,Wolfspeed Inc,977852102,N/A,N/A,3791.00000000,NS,USD,36772.70000000,0.000242356643,Long,EC,N/A,N/A,N/A,N/A,1,N/A,N/A,N/A,N/A,N/A,N/A,N/A,N/A,N/A,N/A,N/A,N/A,N/A,N/A,N/A,N,N,Y,3600
NPORT-P,ADVANCED SERIES TRUST,2024-11-25,Wolfspeed Inc,549300OGU88P3AW3TO93,Wolfspeed Inc,977852102,N/A,N/A,27513.00000000,NS,USD,266876.10000000,0.008542350078,Long,EC,N/A,N/A,N/A,N/A,1,N/A,N/A,N/A,N/A,N/A,N/A,N/A,N/A,N/A,N/A,N/A,N/A,N/A,N/A,N/A,N,N,Y,13900
NPORT-P,ADVANCED SERIES TRUST,2024-11-25,Wolfspeed Inc,549300OGU88P3AW3TO93,Wolfspeed Inc,977852102,N/A,N/A,55991.00000000,NS,USD,543112.70000000,0.003831880207,Long,EC,N/A,N/A,N/A,N/A,1,N/A,N/A,N/A,N/A,N/A,N/A,N/A,N/A,N/A,N/A,N/A,N/A,N/A,N/A,N/A,N,N,Y,23000
NPORT-P,ALPS ETF Trust,2024-10-29,Wolfspeed Inc,549300OGU88P3AW3TO93,"Wolfspeed, Inc.",977852102,N/A,N/A,284975.00000000,NS,USD,2778506.25000000,1.352118933540,Long,EC,N/A,N/A,N/A,N/A,1,N/A,N/A,N/A,N/A,N/A,N/A,N/A,N/A,N/A,N/A,N/A,N/A,N/A,N/A,N/A,N,N,Y,256477
NPORT-P,AMERICAN CENTURY ETF TRUST,2024-10-28,Wolfspeed Inc,549300OGU88P3AW3TO93,Wolfspeed Inc,977852102,N/A,BMBVND9,83.0000000000,NS,USD,809.2500000000,0.0002042711,Long,EC,N/A,N/A,N/A,N/A,1,N/A,N/A,N/A,N/A,N/A,N/A,N/A,N/A,N/A,N/A,N/A,N/A,N/A,N/A,N/A,N,N,N,0
NPORT-P,AMERICAN FUNDS INSURANCE SERIES,2024-11-25,WOLFSPEED INC,549300OGU88P3AW3TO93,WOLFSPEED INC,977852102,N/A,WOLF,418381.000000000000,NS,USD,4058295.700000000000,0.1278835379,Long,EC,N/A,N/A,N/A,N/A,1,N/A,N/A,N/A,N/A,N/A,N/A,N/A,N/A,N/A,N/A,N/A,N/A,N/A,N/A,N/A,N,N,Y,106732
NPORT-P,AMERICAN FUNDS INSURANCE SERIES,2024-11-25,WOLFSPEED INC,549300OGU88P3AW3TO93,WOLFSPEED INC,977852102,N/A,WOLF,12732.000000000000,NS,USD,123500.400000000000,0.0063016335,Long,EC,N/A,N/A,N/A,N/A,1,N/A,N/A,N/A,N/A,N/A,N/A,N/A,N/A,N/A,N/A,N/A,N/A,N/A,N/A,N/A,N,N,N,0
NPORT-P,AMERICAN FUNDS INSURANCE SERIES,2024-11-25,WOLFSPEED INC,549300OGU88P3AW3TO93,WOLFSPEED INC,977852102,N/A,WOLF,1555078.000000000000,NS,USD,15084256.600000000000,0.0330176199,Long,EC,N/A,N/A,N/A,N/A,1,N/A,N/A,N/A,N/A,N/A,N/A,N/A,N/A,N/A,N/A,N/A,N/A,N/A,N/A,N/A,N,N,Y,11544
NPORT-P,AMERICAN FUNDS INSURANCE SERIES,2024-11-25,WOLFSPEED INC,549300OGU88P3AW3TO93,WOLFSPEED INC,977852102,N/A,WOLF,102210.000000000000,NS,USD,991437.000000000000,0.0265948574,Long,EC,N/A,N/A,N/A,N/A,1,N/A,N/A,N/A,N/A,N/A,N/A,N/A,N/A,N/A,N/A,N/A,N/A,N/A,N/A,N/A,N,N,N,0
NPORT-P,BNY MELLON FUNDS TRUST,2024-10-24,WOLFSPEED INC,549300OGU88P3AW3TO93,WOLFSPEED INC,977852102,N/A,N/A,8060.00,NS,USD,78585.00,0.0063743439842,Long,EC,N/A,N/A,N/A,N/A,1,N/A,N/A,N/A,N/A,N/A,N/A,N/A,N/A,N/A,N/A,N/A,N/A,N/A,N/A,N/A,N,N,Y,8699
NPORT-P,BNY MELLON INVESTMENT PORTFOLIOS,2024-11-26,WOLFSPEED INC,549300OGU88P3AW3TO93,WOLFSPEED INC,977852102,N/A,N/A,54637.00,NS,USD,529978.90,0.0894997663188,Long,EC,N/A,N/A,N/A,N/A,1,N/A,N/A,N/A,N/A,N/A,N/A,N/A,N/A,N/A,N/A,N/A,N/A,N/A,N/A,N/A,N,N,N,0
NPORT-P,BNY MELLON INVESTMENT PORTFOLIOS,2024-11-26,WOLFSPEED INC,549300OGU88P3AW3TO93,WOLFSPEED INC,977852102,N/A,N/A,508.00,NS,USD,4927.60,0.0030606470711,Long,EC,N/A,N/A,N/A,N/A,1,N/A,N/A,N/A,N/A,N/A,N/A,N/A,N/A,N/A,N/A,N/A,N/A,N/A,N/A,N/A,N,N,Y,526
NPORT-P,CALVERT IMPACT FUND INC,2024-11-19,Wolfspeed Inc,549300OGU88P3AW3TO93,Wolfspeed Inc,977852102,N/A,N/A,70074.00000000,NS,USD,679717.80000000,0.427278541683,Long,EC,N/A,N/A,N/A,N/A,1,N/A,N/A,N/A,N/A,N/A,N/A,N/A,N/A,N/A,N/A,N/A,N/A,N/A,N/A,N/A,N,N,N,0
NPORT-P,COLLEGE RETIREMENT EQUITIES FUND,2024-11-26,Wolfspeed Inc,549300OGU88P3AW3TO93,"Wolfspeed, Inc",977852102,N/A,N/A,62345.00000000,NS,USD,604746.50000000,0.002352792867,Long,EC,N/A,N/A,N/A,N/A,1,N/A,N/A,N/A,N/A,N/A,N/A,N/A,N/A,N/A,N/A,N/A,N/A,N/A,N/A,N/A,N,N,Y,43021
NPORT-P,COLLEGE RETIREMENT EQUITIES FUND,2024-11-26,Wolfspeed Inc,549300OGU88P3AW3TO93,"Wolfspeed, Inc",977852102,N/A,N/A,84747.00000000,NS,USD,822045.90000000,0.000630421141,Long,EC,N/A,N/A,N/A,N/A,1,N/A,N/A,N/A,N/A,N/A,N/A,N/A,N/A,N/A,N/A,N/A,N/A,N/A,N/A,N/A,N,N,Y,83899
NPORT-P,"EMPOWER FUNDS, INC.",2024-11-25,Wolfspeed Inc.,549300OGU88P3AW3TO93,WOLF 1.875 12/01/29,977852AD4,N/A,N/A,1716000,NS,USD,638352,0.1004738883,Long,DBT,N/A,N/A,N/A,N/A,2,N/A,N/A,N/A,N/A,N/A,N/A,N/A,N/A,N/A,N/A,N/A,N/A,N/A,N/A,N/A,N,N,N,0
NPORT-P,"EMPOWER FUNDS, INC.",2024-11-25,Wolfspeed Inc.,549300OGU88P3AW3TO93,Wolfspeed Inc. COM,977852102,N/A,N/A,111402,NS,USD,1080599.38,0.0904141913,Long,EC,N/A,N/A,N/A,N/A,1,N/A,N/A,N/A,N/A,N/A,N/A,N/A,N/A,N/A,N/A,N/A,N/A,N/A,N/A,N/A,N,N,Y,115744
NPORT-P,EQ ADVISORS TRUST,2024-11-27,"Wolfspeed, Inc.",549300OGU88P3AW3TO93,"Wolfspeed, Inc.",977852AD4,N/A,N/A,324000.00000000,PA,USD,120528.00000000,0.257015151615,Long,DBT,N/A,N/A,N/A,N/A,2,N/A,N/A,N/A,N/A,N/A,N/A,N/A,N/A,N/A,N/A,N/A,N/A,N/A,N/A,N/A,N,N,N,0
NPORT-P,EQ ADVISORS TRUST,2024-11-27,"Wolfspeed, Inc.",549300OGU88P3AW3TO93,"Wolfspeed, Inc.",977852AB8,N/A,N/A,130000.00000000,PA,USD,51090.00000000,0.108944843488,Long,DBT,N/A,N/A,N/A,N/A,2,N/A,N/A,N/A,N/A,N/A,N/A,N/A,N/A,N/A,N/A,N/A,N/A,N/A,N/A,N/A,N,N,N,0
NPORT-P,EQ ADVISORS TRUST,2024-11-27,"Wolfspeed, Inc.",549300OGU88P3AW3TO93,"Wolfspeed, Inc.",225447AD3,N/A,N/A,100000.00000000,PA,USD,69700.00000000,0.148628999631,Long,DBT,N/A,N/A,N/A,N/A,2,N/A,N/A,N/A,N/A,N/A,N/A,N/A,N/A,N/A,N/A,N/A,N/A,N/A,N/A,N/A,N,N,N,0
NPORT-P,EQ ADVISORS TRUST,2024-11-27,"Wolfspeed, Inc.",549300OGU88P3AW3TO93,"Wolfspeed, Inc.",977852102,N/A,N/A,76030.00000000,NS,USD,737491.00000000,0.112427753773,Long,EC,N/A,N/A,N/A,N/A,1,N/A,N/A,N/A,N/A,N/A,N/A,N/A,N/A,N/A,N/A,N/A,N/A,N/A,N/A,N/A,N,N,Y,71395
NPORT-P,EQ ADVISORS TRUST,2024-11-27,"Wolfspeed, Inc.",549300OGU88P3AW3TO93,"Wolfspeed, Inc.",977852102,N/A,N/A,10208.00000000,NS,USD,99017.60000000,0.002506824735,Long,EC,N/A,N/A,N/A,N/A,1,N/A,N/A,N/A,N/A,N/A,N/A,N/A,N/A,N/A,N/A,N/A,N/A,N/A,N/A,N/A,N,N,N,0
NPORT-P,EQ ADVISORS TRUST,2024-11-27,"Wolfspeed, Inc.",549300OGU88P3AW3TO93,"Wolfspeed, Inc.",977852102,N/A,N/A,24367.00000000,NS,USD,236359.90000000,0.011272409290,Long,EC,N/A,N/A,N/A,N/A,1,N/A,N/A,N/A,N/A,N/A,N/A,N/A,N/A,N/A,N/A,N/A,N/A,N/A,N/A,N/A,N,N,Y,22793
NPORT-P,EQ ADVISORS TRUST,2024-11-27,"Wolfspeed, Inc.",549300OGU88P3AW3TO93,"Wolfspeed, Inc.",977852102,N/A,N/A,4319.00000000,NS,USD,41894.30000000,0.004727668082,Long,EC,N/A,N/A,N/A,N/A,1,N/A,N/A,N/A,N/A,N/A,N/A,N/A,N/A,N/A,N/A,N/A,N/A,N/A,N/A,N/A,N,N,N,0
NPORT-P,EQ ADVISORS TRUST,2024-11-27,"Wolfspeed, Inc.",549300OGU88P3AW3TO93,"Wolfspeed, Inc.",977852102,N/A,N/A,25574.00000000,NS,USD,248067.80000000,0.013443486176,Long,EC,N/A,N/A,N/A,N/A,1,N/A,N/A,N/A,N/A,N/A,N/A,N/A,N/A,N/A,N/A,N/A,N/A,N/A,N/A,N/A,N,N,Y,19832
NPORT-P,EQ ADVISORS TRUST,2024-11-27,"Wolfspeed, Inc.",549300OGU88P3AW3TO93,"Wolfspeed, Inc.",977852102,N/A,N/A,12511.00000000,NS,USD,121356.70000000,0.007139370468,Long,EC,N/A,N/A,N/A,N/A,1,N/A,N/A,N/A,N/A,N/A,N/A,N/A,N/A,N/A,N/A,N/A,N/A,N/A,N/A,N/A,N,N,Y,11816
NPORT-P,FIDELITY CONCORD STREET TRUST,2024-10-29,WOLFSPEED INC,549300OGU88P3AW3TO93,WOLFSPEED INC,977852102,N/A,N/A,759660.00000000,NS,USD,7406685.00000000,0.017680678896,Long,EC,N/A,N/A,N/A,N/A,1,N/A,N/A,N/A,N/A,N/A,N/A,N/A,N/A,N/A,N/A,N/A,N/A,N/A,N/A,N/A,N,N,Y,751983
NPORT-P,FIDELITY CONCORD STREET TRUST,2024-10-29,WOLFSPEED INC,549300OGU88P3AW3TO93,WOLFSPEED INC,977852102,N/A,N/A,169273.00000000,NS,USD,1650411.75000000,0.002247010185,Long,EC,N/A,N/A,N/A,N/A,1,N/A,N/A,N/A,N/A,N/A,N/A,N/A,N/A,N/A,N/A,N/A,N/A,N/A,N/A,N/A,N,N,Y,169200
NPORT-P,FIDELITY CONCORD STREET TRUST,2024-10-29,WOLFSPEED INC,549300OGU88P3AW3TO93,WOLFSPEED INC,977852102,N/A,N/A,226731.00000000,NS,USD,2210627.25000000,0.002240169759,Long,EC,N/A,N/A,N/A,N/A,1,N/A,N/A,N/A,N/A,N/A,N/A,N/A,N/A,N/A,N/A,N/A,N/A,N/A,N/A,N/A,N,N,Y,226300
NPORT-P,FIDELITY MT VERNON STREET TRUST,2024-10-29,WOLFSPEED INC,549300OGU88P3AW3TO93,WOLFSPEED INC,977852102,N/A,N/A,360805.00000000,NS,USD,3517848.75000000,0.005407787930,Long,EC,N/A,N/A,N/A,N/A,1,N/A,N/A,N/A,N/A,N/A,N/A,N/A,N/A,N/A,N/A,N/A,N/A,N/A,N/A,N/A,N,N,Y,359700
NPORT-P,FIDELITY MT VERNON STREET TRUST,2024-10-29,WOLFSPEED INC,549300OGU88P3AW3TO93,WOLFSPEED INC,977852102,N/A,N/A,67029.00000000,NS,USD,653532.75000000,0.003819926457,Long,EC,N/A,N/A,N/A,N/A,1,N/A,N/A,N/A,N/A,N/A,N/A,N/A,N/A,N/A,N/A,N/A,N/A,N/A,N/A,N/A,N,N,Y,67000
NPORT-P,FIDELITY MT VERNON STREET TRUST,2024-10-29,WOLFSPEED INC,549300OGU88P3AW3TO93,WOLFSPEED INC,977852102,N/A,N/A,133129.00000000,NS,USD,1298007.75000000,0.006313504845,Long,EC,N/A,N/A,N/A,N/A,1,N/A,N/A,N/A,N/A,N/A,N/A,N/A,N/A,N/A,N/A,N/A,N/A,N/A,N/A,N/A,N,N,Y,133100
NPORT-P,FIDELITY SALEM STREET TRUST,2024-10-29,WOLFSPEED INC,549300OGU88P3AW3TO93,WOLFSPEED INC CONV 1.875% 12/01/2029,977852AD4,N/A,N/A,28000.00000000,PA,USD,10673.70000000,0.012976341121,Long,DBT,N/A,N/A,N/A,N/A,2,N/A,N/A,N/A,N/A,N/A,N/A,N/A,N/A,N/A,N/A,N/A,N/A,N/A,N/A,N/A,N,N,N,0
NPORT-P,FIDELITY SALEM STREET TRUST,2024-10-29,WOLFSPEED INC,549300OGU88P3AW3TO93,WOLFSPEED INC CONV 1.875% 12/01/2029,977852AD4,N/A,N/A,12306000.00000000,PA,USD,4691089.16000000,0.086584419169,Long,DBT,N/A,N/A,N/A,N/A,2,N/A,N/A,N/A,N/A,N/A,N/A,N/A,N/A,N/A,N/A,N/A,N/A,N/A,N/A,N/A,N,N,N,0
NPORT-P,FIDELITY SALEM STREET TRUST,2024-10-29,WOLFSPEED INC,549300OGU88P3AW3TO93,WOLFSPEED INC CONV 1.75% 05/01/2026,225447AD3,N/A,N/A,809000.00000000,PA,USD,581671.00000000,0.010736023973,Long,DBT,N/A,N/A,N/A,N/A,2,N/A,N/A,N/A,N/A,N/A,N/A,N/A,N/A,N/A,N/A,N/A,N/A,N/A,N/A,N/A,N,N,N,0
NPORT-P,FIDELITY SALEM STREET TRUST,2024-10-29,WOLFSPEED INC,549300OGU88P3AW3TO93,WOLFSPEED INC CONV 1.875% 12/01/2029,977852AD4,N/A,N/A,5079000.00000000,PA,USD,1936132.12000000,0.009713753555,Long,DBT,N/A,N/A,N/A,N/A,2,N/A,N/A,N/A,N/A,N/A,N/A,N/A,N/A,N/A,N/A,N/A,N/A,N/A,N/A,N/A,N,N,N,0
NPORT-P,FIDELITY SALEM STREET TRUST,2024-10-29,WOLFSPEED INC,549300OGU88P3AW3TO93,WOLFSPEED INC CONV 1.875% 12/01/2029,977852AD4,N/A,N/A,14000.00000000,PA,USD,5336.85000000,0.013675930860,Long,DBT,N/A,N/A,N/A,N/A,2,N/A,N/A,N/A,N/A,N/A,N/A,N/A,N/A,N/A,N/A,N/A,N/A,N/A,N/A,N/A,N,N,N,0
NPORT-P,FIDELITY SALEM STREET TRUST,2024-11-25,WOLFSPEED INC,549300OGU88P3AW3TO93,WOLFSPEED INC,977852102,N/A,N/A,12739.00000000,NS,USD,123568.30000000,0.013459162682,Long,EC,N/A,N/A,N/A,N/A,1,N/A,N/A,N/A,N/A,N/A,N/A,N/A,N/A,N/A,N/A,N/A,N/A,N/A,N/A,N/A,N,N,Y,12599
NPORT-P,FIDELITY SELECT PORTFOLIOS,2024-10-29,WOLFSPEED INC,549300OGU88P3AW3TO93,WOLFSPEED INC,977852102,N/A,N/A,55350.00000000,NS,USD,539662.50000000,0.096888674508,Long,EC,N/A,N/A,N/A,N/A,1,N/A,N/A,N/A,N/A,N/A,N/A,N/A,N/A,N/A,N/A,N/A,N/A,N/A,N/A,N/A,N,N,Y,55300
NPORT-P,FIDELITY SELECT PORTFOLIOS,2024-10-29,WOLFSPEED INC,549300OGU88P3AW3TO93,WOLFSPEED INC,977852102,N/A,N/A,418400.00000000,NS,USD,4079400.00000000,0.020691531799,Long,EC,N/A,N/A,N/A,N/A,1,N/A,N/A,N/A,N/A,N/A,N/A,N/A,N/A,N/A,N/A,N/A,N/A,N/A,N/A,N/A,N,N,Y,418310
NPORT-P,GROWTH FUND OF AMERICA,2024-10-29,WOLFSPEED INC,549300OGU88P3AW3TO93,WOLFSPEED INC,977852102,N/A,WOLF,7158990.000000000000,NS,USD,69800152.500000000000,0.0245009982,Long,EC,N/A,N/A,N/A,N/A,1,N/A,N/A,N/A,N/A,N/A,N/A,N/A,N/A,N/A,N/A,N/A,N/A,N/A,N/A,N/A,N,N,Y,54512
NPORT-P,GuideStone Funds,2024-11-22,Wolfspeed Inc.,549300OGU88P3AW3TO93,WOLF 1.75 05/01/26,225447AD3,N/A,N/A,2273000,PA,USD,1595646,0.1047937300,Long,DBT,N/A,N/A,N/A,N/A,2,N/A,N/A,N/A,N/A,N/A,N/A,N/A,N/A,N/A,N/A,N/A,N/A,N/A,N/A,N/A,N,N,N,0
NPORT-P,GuideStone Funds,2024-11-22,CFD_EQS FIN LEG WOLFSPEED,N/A,CFD_EQS GOLDUS33 BMBVND9,977852102,N/A,9L2CSCU,-34132,NC,USD,-331080.4,-0.1257726324,N/A,DE,N/A,N/A,N/A,N/A,2,N/A,N/A,N/A,N/A,N/A,N/A,N/A,N/A,N/A,N/A,N/A,N/A,N/A,N/A,N/A,N,N,N,0
NPORT-P,GuideStone Funds,2024-11-22,Wolfspeed Inc.,549300OGU88P3AW3TO93,Wolfspeed Inc. COM,977852102,N/A,N/A,737,NS,USD,7148.9,0.0037850990,Long,EC,N/A,N/A,N/A,N/A,1,N/A,N/A,N/A,N/A,N/A,N/A,N/A,N/A,N/A,N/A,N/A,N/A,N/A,N/A,N/A,N,N,Y,737
NPORT-P,Invesco Exchange-Traded Fund Trust II,2024-10-28,"Wolfspeed, Inc.",549300OGU88P3AW3TO93,"Wolfspeed, Inc.",977852102,N/A,N/A,56480.00000000,NS,USD,550680.00000000,0.107682507669,Long,EC,N/A,N/A,N/A,N/A,1,N/A,N/A,N/A,N/A,N/A,N/A,N/A,N/A,N/A,N/A,N/A,N/A,N/A,N/A,N/A,N,N,Y,60453
NPORT-P,Invesco Exchange-Traded Fund Trust II,2024-10-28,"Wolfspeed, Inc.",549300OGU88P3AW3TO93,"Wolfspeed, Inc.",977852102,N/A,N/A,15578.00000000,NS,USD,151885.50000000,0.024986748707,Long,EC,N/A,N/A,N/A,N/A,1,N/A,N/A,N/A,N/A,N/A,N/A,N/A,N/A,N/A,N/A,N/A,N/A,N/A,N/A,N/A,N,N,Y,14963
NPORT-P,Invesco Exchange-Traded Fund Trust II,2024-10-28,"Wolfspeed, Inc.",549300OGU88P3AW3TO93,"Wolfspeed, Inc.",977852102,N/A,N/A,12106.00000000,NS,USD,118033.50000000,0.013419866384,Long,EC,N/A,N/A,N/A,N/A,1,N/A,N/A,N/A,N/A,N/A,N/A,N/A,N/A,N/A,N/A,N/A,N/A,N/A,N/A,N/A,N,N,Y,12651
NPORT-P,J.P. Morgan Exchange-Traded Fund Trust,2024-11-27,"Wolfspeed, Inc.",549300OGU88P3AW3TO93,"Wolfspeed, Inc.",977852102,N/A,N/A,25831.00000000,NS,USD,250560.70000000,0.018039710214,Long,EC,N/A,N/A,N/A,N/A,1,N/A,N/A,N/A,N/A,N/A,N/A,N/A,N/A,N/A,N/A,N/A,N/A,N/A,N/A,N/A,N,N,Y,25867
NPORT-P,JNL SERIES TRUST,2024-11-26,"Wolfspeed, Inc.",549300OGU88P3AW3TO93,"Wolfspeed, Inc.",977852102,N/A,977852102,241750,NS,USD,2344975,0.0892420852,Long,EC,N/A,N/A,N/A,N/A,1,N/A,N/A,N/A,N/A,N/A,N/A,N/A,N/A,N/A,N/A,N/A,N/A,N/A,N/A,N/A,N,N,Y,217575
NPORT-P,JNL SERIES TRUST,2024-11-26,"Wolfspeed, Inc.",549300OGU88P3AW3TO93,"Wolfspeed, Inc.",977852102,N/A,977852102,2728,NS,USD,26461.6,0.0018228408,Long,EC,N/A,N/A,N/A,N/A,1,N/A,N/A,N/A,N/A,N/A,N/A,N/A,N/A,N/A,N/A,N/A,N/A,N/A,N/A,N/A,N,N,Y,2728
NPORT-P,JNL SERIES TRUST,2024-11-26,"Wolfspeed, Inc.",549300OGU88P3AW3TO93,"Wolfspeed, Inc.",977852102,N/A,977852102,7952,NS,USD,77134.4,0.0120452318,Long,EC,N/A,N/A,N/A,N/A,1,N/A,N/A,N/A,N/A,N/A,N/A,N/A,N/A,N/A,N/A,N/A,N/A,N/A,N/A,N/A,N,N,N,0
NPORT-P,JNL SERIES TRUST,2024-11-26,"Wolfspeed, Inc.",549300OGU88P3AW3TO93,"Wolfspeed, Inc.",977852AD4,N/A,977852AD4,412000,PA,USD,151324.72,0.0095491779,Long,DBT,N/A,N/A,N/A,N/A,2,N/A,N/A,N/A,N/A,N/A,N/A,N/A,N/A,N/A,N/A,N/A,N/A,N/A,N/A,N/A,N,N,N,0
NPORT-P,JNL SERIES TRUST,2024-11-26,"Wolfspeed, Inc.",549300OGU88P3AW3TO93,"Wolfspeed, Inc.",977852102,N/A,977852102,419757,NS,USD,4071642.9,0.0588822582,Long,EC,N/A,N/A,N/A,N/A,1,N/A,N/A,N/A,N/A,N/A,N/A,N/A,N/A,N/A,N/A,N/A,N/A,N/A,N/A,N/A,N,N,Y,345281
NPORT-P,JNL SERIES TRUST,2024-11-26,"Wolfspeed, Inc.",549300OGU88P3AW3TO93,"Wolfspeed, Inc.",977852102,N/A,977852102,13353,NS,USD,129524.1,0.0024514421,Long,EC,N/A,N/A,N/A,N/A,1,N/A,N/A,N/A,N/A,N/A,N/A,N/A,N/A,N/A,N/A,N/A,N/A,N/A,N/A,N/A,N,N,Y,13353
NPORT-P,JNL SERIES TRUST,2024-11-26,"Wolfspeed, Inc.",549300OGU88P3AW3TO93,"Wolfspeed, Inc.",977852102,N/A,977852102,14039,NS,USD,136178.3,0.0321635093,Long,EC,N/A,N/A,N/A,N/A,1,N/A,N/A,N/A,N/A,N/A,N/A,N/A,N/A,N/A,N/A,N/A,N/A,N/A,N/A,N/A,N,N,Y,14039
NPORT-P,JOHN HANCOCK INVESTMENT TRUST,2024-11-26,Wolfspeed Inc.,549300OGU88P3AW3TO93,WOLFSPEED INC COMMON STOCK USD.00125,977852102,N/A,N/A,28774,NS,USD,279107.8,0.0279589172,Long,EC,N/A,N/A,N/A,N/A,1,N/A,N/A,N/A,N/A,N/A,N/A,N/A,N/A,N/A,N/A,N/A,N/A,N/A,N/A,N/A,N,N,Y,27028
NPORT-P,JOHN HANCOCK VARIABLE INSURANCE TRUST,2024-11-26,Wolfspeed Inc.,549300OGU88P3AW3TO93,WOLFSPEED INC COMMON STOCK USD.00125,977852102,N/A,N/A,189354,NS,USD,1836733.8,0.2818119697,Long,EC,N/A,N/A,N/A,N/A,1,N/A,N/A,N/A,N/A,N/A,N/A,N/A,N/A,N/A,N/A,N/A,N/A,N/A,N/A,N/A,N,N,Y,22502
NPORT-P,JOHN HANCOCK VARIABLE INSURANCE TRUST,2024-11-26,Wolfspeed Inc.,549300OGU88P3AW3TO93,WOLFSPEED INC SR UNSECURED 02/28 0.25,977852AB8,N/A,N/A,978000,PA,USD,384354,0.0589718324,Long,DBT,N/A,N/A,N/A,N/A,2,N/A,N/A,N/A,N/A,N/A,N/A,N/A,N/A,N/A,N/A,N/A,N/A,N/A,N/A,N/A,N,N,N,0
NPORT-P,JOHN HANCOCK VARIABLE INSURANCE TRUST,2024-11-26,Wolfspeed Inc.,549300OGU88P3AW3TO93,WOLFSPEED INC SR UNSECURED 12/29 1.875,977852AD4,N/A,N/A,3436000,PA,USD,1278192,0.1961143227,Long,DBT,N/A,N/A,N/A,N/A,2,N/A,N/A,N/A,N/A,N/A,N/A,N/A,N/A,N/A,N/A,N/A,N/A,N/A,N/A,N/A,N,N,N,0
NPORT-P,JOHN HANCOCK VARIABLE INSURANCE TRUST,2024-11-26,Wolfspeed Inc.,549300OGU88P3AW3TO93,WOLFSPEED INC COMMON STOCK USD.00125,977852102,N/A,N/A,2162,NS,USD,20971.4,0.0020746665,Long,EC,N/A,N/A,N/A,N/A,1,N/A,N/A,N/A,N/A,N/A,N/A,N/A,N/A,N/A,N/A,N/A,N/A,N/A,N/A,N/A,N,N,N,0
NPORT-P,John Hancock Funds II,2024-10-29,Wolfspeed Inc.,549300OGU88P3AW3TO93,WOLFSPEED INC SR UNSECURED 12/29 1.875,977852AD4,N/A,N/A,8093000,PA,USD,3085079.2,0.2059215518,Long,DBT,N/A,N/A,N/A,N/A,2,N/A,N/A,N/A,N/A,N/A,N/A,N/A,N/A,N/A,N/A,N/A,N/A,N/A,N/A,N/A,N,N,N,0
NPORT-P,John Hancock Funds II,2024-10-29,Wolfspeed Inc.,549300OGU88P3AW3TO93,WOLFSPEED INC COMMON STOCK USD.00125,977852102,N/A,N/A,298437,NS,USD,2909760.75,0.1942194706,Long,EC,N/A,N/A,N/A,N/A,1,N/A,N/A,N/A,N/A,N/A,N/A,N/A,N/A,N/A,N/A,N/A,N/A,N/A,N/A,N/A,N,N,Y,121534
NPORT-P,John Hancock Funds II,2024-10-29,Wolfspeed Inc.,549300OGU88P3AW3TO93,WOLFSPEED INC SR UNSECURED 02/28 0.25,977852AB8,N/A,N/A,2313000,PA,USD,957582,0.0639162753,Long,DBT,N/A,N/A,N/A,N/A,2,N/A,N/A,N/A,N/A,N/A,N/A,N/A,N/A,N/A,N/A,N/A,N/A,N/A,N/A,N/A,N,N,N,0
NPORT-P,M FUND INC,2024-11-19,Wolfspeed Inc,549300OGU88P3AW3TO93,"Wolfspeed, Inc.",977852102,N/A,N/A,117147.00000000,NS,USD,1136325.90000000,0.459956543773,Long,EC,N/A,N/A,N/A,N/A,1,N/A,N/A,N/A,N/A,N/A,N/A,N/A,N/A,N/A,N/A,N/A,N/A,N/A,N/A,N/A,N,N,Y,100191
NPORT-P,MASSMUTUAL SELECT FUNDS,2024-11-27,WOLFSPEED INC,549300OGU88P3AW3TO93,COMMON STOCK USD.00125,977852102,N/A,BMBVND9,50837,NS,USD,493118.9,0.078895498026,Long,EC,N/A,N/A,N/A,N/A,1,N/A,N/A,N/A,N/A,N/A,N/A,N/A,N/A,N/A,N/A,N/A,N/A,N/A,N/A,N/A,N,N,Y,50175
NPORT-P,MASSMUTUAL SELECT FUNDS,2024-11-27,WOLFSPEED INC,549300OGU88P3AW3TO93,SR UNSECURED 02/28 0.25,977852AB8,N/A,BN4BB62,191000,PA,USD,75063,0.012009543273,Long,DBT,N/A,N/A,N/A,N/A,2,N/A,N/A,N/A,N/A,N/A,N/A,N/A,N/A,N/A,N/A,N/A,N/A,N/A,N/A,N/A,N,N,N,0
NPORT-P,MASSMUTUAL SELECT FUNDS,2024-11-27,WOLFSPEED INC,549300OGU88P3AW3TO93,SR UNSECURED 12/29 1.875,977852AD4,N/A,BS54RG7,980000,PA,USD,364560,0.058326993268,Long,DBT,N/A,N/A,N/A,N/A,2,N/A,N/A,N/A,N/A,N/A,N/A,N/A,N/A,N/A,N/A,N/A,N/A,N/A,N/A,N/A,N,N,N,0
NPORT-P,MASTER INVESTMENT PORTFOLIO,2024-11-26,Wolfspeed Inc,549300OGU88P3AW3TO93,Wolfspeed Inc,977852102,N/A,N/A,80018.00000000,NS,USD,776174.60000000,0.002191149100,Long,EC,N/A,N/A,N/A,N/A,1,N/A,N/A,N/A,N/A,N/A,N/A,N/A,N/A,N/A,N/A,N/A,N/A,N/A,N/A,N/A,N,N,Y,80018
NPORT-P,MASTER INVESTMENT PORTFOLIO,2024-11-26,Wolfspeed Inc,549300OGU88P3AW3TO93,Wolfspeed Inc,977852102,N/A,N/A,6724.00000000,NS,USD,65222.80000000,0.002665127591,Long,EC,N/A,N/A,N/A,N/A,1,N/A,N/A,N/A,N/A,N/A,N/A,N/A,N/A,N/A,N/A,N/A,N/A,N/A,N/A,N/A,N,N,Y,6724
NPORT-P,NEW ECONOMY FUND,2024-10-29,WOLFSPEED INC,549300OGU88P3AW3TO93,WOLFSPEED INC,977852102,N/A,WOLF,1737865.000000000000,NS,USD,16944183.750000000000,0.0479961760,Long,EC,N/A,N/A,N/A,N/A,1,N/A,N/A,N/A,N/A,N/A,N/A,N/A,N/A,N/A,N/A,N/A,N/A,N/A,N/A,N/A,N,N,Y,16353
NPORT-P,NEW PERSPECTIVE FUND,2024-11-25,WOLFSPEED INC,549300OGU88P3AW3TO93,WOLFSPEED INC,977852102,N/A,WOLF,2255516.000000000000,NS,USD,21878505.200000000000,0.0149771197,Long,EC,N/A,N/A,N/A,N/A,1,N/A,N/A,N/A,N/A,N/A,N/A,N/A,N/A,N/A,N/A,N/A,N/A,N/A,N/A,N/A,N,N,Y,1023773
NPORT-P,Nuveen S&P 500 Dynamic Overwrite Fund,2024-11-26,Wolfspeed Inc,549300OGU88P3AW3TO93,Wolfspeed Inc,977852102,N/A,N/A,2647.00000000,NS,USD,25675.90000000,0.007894967666,Long,EC,N/A,N/A,N/A,N/A,1,N/A,N/A,N/A,N/A,N/A,N/A,N/A,N/A,N/A,N/A,N/A,N/A,N/A,N/A,N/A,N,N,N,0
NPORT-P,PROSHARES TRUST,2024-10-25,"Wolfspeed, Inc.",549300OGU88P3AW3TO93,"Wolfspeed, Inc.",977852102,N/A,N/A,837.00000000,NS,USD,8160.75000000,0.023727117230,Long,EC,N/A,N/A,N/A,N/A,1,N/A,N/A,N/A,N/A,N/A,N/A,N/A,N/A,N/A,N/A,N/A,N/A,N/A,N/A,N/A,N,N,Y,820
NPORT-P,PROSHARES TRUST,2024-10-25,"Wolfspeed, Inc.",549300OGU88P3AW3TO93,"Wolfspeed, Inc.",977852102,N/A,N/A,14805.00000000,NS,USD,144348.75000000,0.012707858295,Long,EC,N/A,N/A,N/A,N/A,1,N/A,N/A,N/A,N/A,N/A,N/A,N/A,N/A,N/A,N/A,N/A,N/A,N/A,N/A,N/A,N,N,N,0
NPORT-P,PROSHARES TRUST,2024-10-25,"Wolfspeed, Inc.",549300OGU88P3AW3TO93,"Wolfspeed, Inc.",977852102,N/A,N/A,4929.00000000,NS,USD,48057.75000000,0.033179386803,Long,EC,N/A,N/A,N/A,N/A,1,N/A,N/A,N/A,N/A,N/A,N/A,N/A,N/A,N/A,N/A,N/A,N/A,N/A,N/A,N/A,N,N,N,0
NPORT-P,"RBB FUND, INC.",2024-10-30,Wolfspeed Inc,549300OGU88P3AW3TO93,Wolfspeed Inc,977852102,N/A,N/A,45794.000000000000,NS,USD,446491.500000000000,0.5706071846,Long,EC,N/A,N/A,N/A,N/A,1,N/A,N/A,N/A,N/A,N/A,N/A,N/A,N/A,N/A,N/A,N/A,N/A,N/A,N/A,N/A,N,N,Y,40746
NPORT-P,RYDEX SERIES FUNDS,2024-11-29,Wolfspeed Inc,549300OGU88P3AW3TO93,"Wolfspeed, Inc.",977852102,N/A,N/A,47111.00000000,NS,USD,456976.70000000,0.336832519027,Long,EC,N/A,N/A,N/A,N/A,1,N/A,N/A,N/A,N/A,N/A,N/A,N/A,N/A,N/A,N/A,N/A,N/A,N/A,N/A,N/A,N,N,N,0
NPORT-P,SA FUNDS INVESTMENT TRUST,2024-11-15,Wolfspeed Inc,549300OGU88P3AW3TO93,Wolfspeed Inc,977852102,N/A,N/A,7157.00000000,NS,USD,69422.90000000,0.021249537492,Long,EC,N/A,N/A,N/A,N/A,1,N/A,N/A,N/A,N/A,N/A,N/A,N/A,N/A,N/A,N/A,N/A,N/A,N/A,N/A,N/A,N,N,Y,7450
NPORT-P,SMALLCAP WORLD FUND INC,2024-11-25,WOLFSPEED INC,549300OGU88P3AW3TO93,WOLFSPEED INC,977852102,N/A,WOLF,2996775.000000000000,NS,USD,29068717.500000000000,0.0377056409,Long,EC,N/A,N/A,N/A,N/A,1,N/A,N/A,N/A,N/A,N/A,N/A,N/A,N/A,N/A,N/A,N/A,N/A,N/A,N/A,N/A,N,N,Y,2693387
NPORT-P,SPDR INDEX SHARES FUNDS,2024-11-25,Wolfspeed Inc,549300OGU88P3AW3TO93,Wolfspeed Inc,977852102,N/A,N/A,376.00000000,NS,USD,3647.20000000,0.000407052856,Long,EC,N/A,N/A,N/A,N/A,1,N/A,N/A,N/A,N/A,N/A,N/A,N/A,N/A,N/A,N/A,N/A,N/A,N/A,N/A,N/A,N,N,Y,53
NPORT-P,SPDR SERIES TRUST,2024-11-25,Wolfspeed Inc,549300OGU88P3AW3TO93,Wolfspeed Inc,977852102,N/A,N/A,1090734.00000000,NS,USD,10580119.80000000,0.089467701947,Long,EC,N/A,N/A,N/A,N/A,1,N/A,N/A,N/A,N/A,N/A,N/A,N/A,N/A,N/A,N/A,N/A,N/A,N/A,N/A,N/A,N,N,Y,595131
NPORT-P,SPDR SERIES TRUST,2024-11-25,WOLFSPEED INC,549300OGU88P3AW3TO93,Wolfspeed Inc,225447AD3,N/A,N/A,7410000.00000000,PA,USD,5288442.90000000,0.146141667636,Long,DBT,N/A,N/A,N/A,N/A,2,N/A,N/A,N/A,N/A,N/A,N/A,N/A,N/A,N/A,N/A,N/A,N/A,N/A,N/A,N/A,N,N,N,0
NPORT-P,SPDR SERIES TRUST,2024-11-25,WOLFSPEED INC,549300OGU88P3AW3TO93,Wolfspeed Inc,977852AD4,N/A,N/A,27887000.00000000,PA,USD,10453999.69000000,0.288887481070,Long,DBT,N/A,N/A,N/A,N/A,2,N/A,N/A,N/A,N/A,N/A,N/A,N/A,N/A,N/A,N/A,N/A,N/A,N/A,N/A,N/A,N,N,N,0
NPORT-P,SPDR SERIES TRUST,2024-11-25,WOLFSPEED INC,549300OGU88P3AW3TO93,Wolfspeed Inc,977852AB8,N/A,N/A,9512000.00000000,PA,USD,3794336.80000000,0.104853303328,Long,DBT,N/A,N/A,N/A,N/A,2,N/A,N/A,N/A,N/A,N/A,N/A,N/A,N/A,N/A,N/A,N/A,N/A,N/A,N/A,N/A,N,N,N,0
NPORT-P,SPDR SERIES TRUST,2024-11-25,Wolfspeed Inc,549300OGU88P3AW3TO93,Wolfspeed Inc,977852102,N/A,N/A,254.00000000,NS,USD,2463.80000000,0.000630897721,Long,EC,N/A,N/A,N/A,N/A,1,N/A,N/A,N/A,N/A,N/A,N/A,N/A,N/A,N/A,N/A,N/A,N/A,N/A,N/A,N/A,N,N,Y,6
NPORT-P,SPDR SERIES TRUST,2024-11-25,Wolfspeed Inc,549300OGU88P3AW3TO93,Wolfspeed Inc,977852102,N/A,N/A,389900.00000000,NS,USD,3782030.00000000,0.095465386546,Long,EC,N/A,N/A,N/A,N/A,1,N/A,N/A,N/A,N/A,N/A,N/A,N/A,N/A,N/A,N/A,N/A,N/A,N/A,N/A,N/A,N,N,Y,352171
NPORT-P,SPDR SERIES TRUST,2024-11-25,Wolfspeed Inc,549300OGU88P3AW3TO93,Wolfspeed Inc,977852102,N/A,N/A,19134.00000000,NS,USD,185599.80000000,0.002017221748,Long,EC,N/A,N/A,N/A,N/A,1,N/A,N/A,N/A,N/A,N/A,N/A,N/A,N/A,N/A,N/A,N/A,N/A,N/A,N/A,N/A,N,N,Y,16996
NPORT-P,SPDR SERIES TRUST,2024-11-25,Wolfspeed Inc,549300OGU88P3AW3TO93,Wolfspeed Inc,977852102,N/A,N/A,12.00000000,NS,USD,116.40000000,0.000102717275,Long,EC,N/A,N/A,N/A,N/A,1,N/A,N/A,N/A,N/A,N/A,N/A,N/A,N/A,N/A,N/A,N/A,N/A,N/A,N/A,N/A,N,N,N,0
NPORT-P,SPDR SERIES TRUST,2024-11-25,Wolfspeed Inc,549300OGU88P3AW3TO93,Wolfspeed Inc,977852102,N/A,N/A,2730582.00000000,NS,USD,26486645.40000000,1.941275784000,Long,EC,N/A,N/A,N/A,N/A,1,N/A,N/A,N/A,N/A,N/A,N/A,N/A,N/A,N/A,N/A,N/A,N/A,N/A,N/A,N/A,N,N,Y,1954971
NPORT-P,SPDR SERIES TRUST,2024-11-25,Wolfspeed Inc,549300OGU88P3AW3TO93,Wolfspeed Inc,977852102,N/A,N/A,314879.00000000,NS,USD,3054326.30000000,0.084582225069,Long,EC,N/A,N/A,N/A,N/A,1,N/A,N/A,N/A,N/A,N/A,N/A,N/A,N/A,N/A,N/A,N/A,N/A,N/A,N/A,N/A,N,N,Y,283748
NPORT-P,STATE STREET INSTITUTIONAL INVESTMENT TRUST,2024-11-25,Wolfspeed Inc,549300OGU88P3AW3TO93,Wolfspeed Inc,977852102,N/A,N/A,47201.00000000,NS,USD,457849.70000000,0.016404939452,Long,EC,N/A,N/A,N/A,N/A,1,N/A,N/A,N/A,N/A,N/A,N/A,N/A,N/A,N/A,N/A,N/A,N/A,N/A,N/A,N/A,N,N,Y,42580
NPORT-P,"T. Rowe Price Index Trust, Inc.",2024-11-26,Wolfspeed Inc,549300OGU88P3AW3TO93,WOLFSPEED INC,977852102,N/A,N/A,23972.000000,NS,USD,232528.400000,0.0235759828,Long,EC,N/A,N/A,N/A,N/A,1,N/A,N/A,N/A,N/A,N/A,N/A,N/A,N/A,N/A,N/A,N/A,N/A,N/A,N/A,N/A,N,N,Y,23732
NPORT-P,"T. Rowe Price Index Trust, Inc.",2024-11-26,Wolfspeed Inc,549300OGU88P3AW3TO93,WOLFSPEED INC,977852102,N/A,N/A,5837.000000,NS,USD,56618.900000,0.0276822108,Long,EC,N/A,N/A,N/A,N/A,1,N/A,N/A,N/A,N/A,N/A,N/A,N/A,N/A,N/A,N/A,N/A,N/A,N/A,N/A,N/A,N,N,Y,5358
NPORT-P,"T. Rowe Price Mid-Cap Value Fund, Inc.",2024-11-26,Wolfspeed Inc,549300OGU88P3AW3TO93,WOLFSPEED INC,977852102,N/A,N/A,4564815.000000,NS,USD,44278705.500000,0.2788297741,Long,EC,N/A,N/A,N/A,N/A,1,N/A,N/A,N/A,N/A,N/A,N/A,N/A,N/A,N/A,N/A,N/A,N/A,N/A,N/A,N/A,N,N,Y,4293839
NPORT-P,"T. Rowe Price Mid-Cap Value Fund, Inc.",2024-11-26,Wolfspeed Inc,549300OGU88P3AW3TO93,WOLFSPEED INC,977852AB8,N/A,N/A,22052000.000000,PA,USD,8677417.900000,0.0546430264,Long,DBT,N/A,N/A,N/A,N/A,2,N/A,N/A,N/A,N/A,N/A,N/A,N/A,N/A,N/A,N/A,N/A,N/A,N/A,N/A,N/A,N,N,N,0
NPORT-P,"T. Rowe Price Mid-Cap Value Fund, Inc.",2024-11-26,Wolfspeed Inc,549300OGU88P3AW3TO93,WOLFSPEED INC,977852AD4,N/A,N/A,90212000.000000,PA,USD,33359766.120000,0.2100715445,Long,DBT,N/A,N/A,N/A,N/A,2,N/A,N/A,N/A,N/A,N/A,N/A,N/A,N/A,N/A,N/A,N/A,N/A,N/A,N/A,N/A,N,N,N,0
NPORT-P,TIAA SEPARATE ACCOUNT VA 1,2024-11-26,Wolfspeed Inc,549300OGU88P3AW3TO93,"Wolfspeed, Inc",977852102,N/A,N/A,3166.00000000,NS,USD,30710.20000000,0.002345330871,Long,EC,N/A,N/A,N/A,N/A,1,N/A,N/A,N/A,N/A,N/A,N/A,N/A,N/A,N/A,N/A,N/A,N/A,N/A,N/A,N/A,N,N,N,0
NPORT-P,TIAA-CREF LIFE FUNDS,2024-11-26,Wolfspeed Inc,549300OGU88P3AW3TO93,"Wolfspeed, Inc",977852102,N/A,N/A,1949.00000000,NS,USD,18905.30000000,0.002166204282,Long,EC,N/A,N/A,N/A,N/A,1,N/A,N/A,N/A,N/A,N/A,N/A,N/A,N/A,N/A,N/A,N/A,N/A,N/A,N/A,N/A,N,N,Y,1929
NPORT-P,VALIC Co I,2024-10-29,Wolfspeed Inc,549300OGU88P3AW3TO93,Wolfspeed Inc,977852102,N/A,N/A,131755.00000000,NS,USD,1284611.25000000,0.043234405240,Long,EC,N/A,N/A,N/A,N/A,1,N/A,N/A,N/A,N/A,N/A,N/A,N/A,N/A,N/A,N/A,N/A,N/A,N/A,N/A,N/A,N,N,Y,141808
NPORT-P,VANGUARD HORIZON FUNDS,2024-11-26,Wolfspeed Inc,549300OGU88P3AW3TO93,WOLFSPEED INC,977852102,N/A,N/A,3131600.00000000,NS,USD,30376520.00000000,0.131392557552,Long,EC,N/A,N/A,N/A,N/A,1,N/A,N/A,N/A,N/A,N/A,N/A,N/A,N/A,N/A,N/A,N/A,N/A,N/A,N/A,N/A,N,N,N,0
NPORT-P,VANGUARD INDEX FUNDS,2024-11-26,Wolfspeed Inc,549300OGU88P3AW3TO93,WOLFSPEED INC,977852102,N/A,N/A,1654406.00000000,NS,USD,16047738.20000000,0.044491608345,Long,EC,N/A,N/A,N/A,N/A,1,N/A,N/A,N/A,N/A,N/A,N/A,N/A,N/A,N/A,N/A,N/A,N/A,N/A,N/A,N/A,N,N,Y,165100
NPORT-P,VANGUARD INDEX FUNDS,2024-11-26,Wolfspeed Inc,549300OGU88P3AW3TO93,WOLFSPEED INC,977852102,N/A,N/A,1927901.00000000,NS,USD,18700639.70000000,0.017430140539,Long,EC,N/A,N/A,N/A,N/A,1,N/A,N/A,N/A,N/A,N/A,N/A,N/A,N/A,N/A,N/A,N/A,N/A,N/A,N/A,N/A,N,N,Y,146100
NPORT-P,VANGUARD INDEX FUNDS,2024-11-26,Wolfspeed Inc,549300OGU88P3AW3TO93,WOLFSPEED INC,977852102,N/A,N/A,3956522.00000000,NS,USD,38378263.40000000,0.002191372347,Long,EC,N/A,N/A,N/A,N/A,1,N/A,N/A,N/A,N/A,N/A,N/A,N/A,N/A,N/A,N/A,N/A,N/A,N/A,N/A,N/A,N,N,Y,949300
NPORT-P,VANGUARD INDEX FUNDS,2024-11-26,Wolfspeed Inc,549300OGU88P3AW3TO93,WOLFSPEED INC,977852102,N/A,N/A,3180316.00000000,NS,USD,30849065.20000000,0.020322942912,Long,EC,N/A,N/A,N/A,N/A,1,N/A,N/A,N/A,N/A,N/A,N/A,N/A,N/A,N/A,N/A,N/A,N/A,N/A,N/A,N/A,N,N,Y,452100
NPORT-P,VARIABLE INSURANCE PRODUCTS FUND II,2024-11-25,WOLFSPEED INC,549300OGU88P3AW3TO93,WOLFSPEED INC,977852102,N/A,N/A,5413.00000000,NS,USD,52506.10000000,0.019812572181,Long,EC,N/A,N/A,N/A,N/A,1,N/A,N/A,N/A,N/A,N/A,N/A,N/A,N/A,N/A,N/A,N/A,N/A,N/A,N/A,N/A,N,N,Y,5100
NPORT-P,VARIABLE INSURANCE PRODUCTS FUND II,2024-11-25,WOLFSPEED INC,549300OGU88P3AW3TO93,WOLFSPEED INC,977852102,N/A,N/A,2481.00000000,NS,USD,24065.70000000,0.002168167072,Long,EC,N/A,N/A,N/A,N/A,1,N/A,N/A,N/A,N/A,N/A,N/A,N/A,N/A,N/A,N/A,N/A,N/A,N/A,N/A,N/A,N,N,Y,2300
NPORT-P,Voya VARIABLE PORTFOLIOS INC,2024-11-21,Wolfspeed Inc,549300OGU88P3AW3TO93,Wolfspeed Inc,977852102,N/A,N/A,10922.00000000,NS,USD,105943.40000000,0.010239970268,Long,EC,N/A,N/A,N/A,N/A,1,N/A,N/A,N/A,N/A,N/A,N/A,N/A,N/A,N/A,N/A,N/A,N/A,N/A,N/A,N/A,N,N,Y,10812
NPORT-P,Voya VARIABLE PORTFOLIOS INC,2024-11-21,Wolfspeed Inc,549300OGU88P3AW3TO93,Wolfspeed Inc,977852102,N/A,N/A,5246.00000000,NS,USD,50886.20000000,0.010007766723,Long,EC,N/A,N/A,N/A,N/A,1,N/A,N/A,N/A,N/A,N/A,N/A,N/A,N/A,N/A,N/A,N/A,N/A,N/A,N/A,N/A,N,N,Y,5193
NPORT-P,WILSHIRE MUTUAL FUNDS INC,2024-11-27,Wolfspeed Inc,549300OGU88P3AW3TO93,Wolfspeed Inc,977852102,N/A,N/A,659.000000000000,NS,USD,6392.300000000000,0.0022664322,Long,EC,N/A,N/A,N/A,N/A,1,N/A,N/A,N/A,N/A,N/A,N/A,N/A,N/A,N/A,N/A,N/A,N/A,N/A,N/A,N/A,N,N,N,0
NPORT-P,iSHARES TRUST,2024-10-28,"Wolfspeed, Inc.",549300OGU88P3AW3TO93,WOLFSPEED INC,977852102,N/A,N/A,66902.00000000,NS,USD,652294.50000000,0.036004921544,Long,EC,N/A,N/A,N/A,N/A,1,N/A,N/A,N/A,N/A,N/A,N/A,N/A,N/A,N/A,N/A,N/A,N/A,N/A,N/A,N/A,N,N,N,0
NPORT-P,iSHARES TRUST,2024-11-26,"Wolfspeed, Inc.",549300OGU88P3AW3TO93,WOLFSPEED INC,977852102,N/A,N/A,297549.00000000,NS,USD,2886225.30000000,0.004774588950,Long,EC,N/A,N/A,N/A,N/A,1,N/A,N/A,N/A,N/A,N/A,N/A,N/A,N/A,N/A,N/A,N/A,N/A,N/A,N/A,N/A,N,N,Y,294521
NPORT-P,iSHARES TRUST,2024-11-26,"Wolfspeed, Inc.",549300OGU88P3AW3TO93,WOLFSPEED INC,977852102,N/A,N/A,87690.00000000,NS,USD,850593.00000000,0.002247125283,Long,EC,N/A,N/A,N/A,N/A,1,N/A,N/A,N/A,N/A,N/A,N/A,N/A,N/A,N/A,N/A,N/A,N/A,N/A,N/A,N/A,N,N,Y,86722
NPORT-P,iSHARES TRUST,2024-11-26,"Wolfspeed, Inc.",549300OGU88P3AW3TO93,"Wolfspeed, Inc.",977852102,N/A,977852102,55094.00000000,NS,USD,534411.80000000,0.009980840545,Long,EC,N/A,N/A,N/A,N/A,1,N/A,N/A,N/A,N/A,N/A,N/A,N/A,N/A,N/A,N/A,N/A,N/A,N/A,N/A,N/A,N,N,Y,53766
NPORT-P,iSHARES TRUST,2024-11-26,"Wolfspeed, Inc.",549300OGU88P3AW3TO93,"Wolfspeed, Inc.",977852102,N/A,977852102,392255.00000000,NS,USD,3804873.50000000,0.010397161049,Long,EC,N/A,N/A,N/A,N/A,1,N/A,N/A,N/A,N/A,N/A,N/A,N/A,N/A,N/A,N/A,N/A,N/A,N/A,N/A,N/A,N,N,Y,379478
NPORT-P,iSHARES TRUST,2024-11-26,"Wolfspeed, Inc.",549300OGU88P3AW3TO93,"Wolfspeed, Inc.",977852102,N/A,977852102,569841.00000000,NS,USD,5527457.70000000,0.084780126583,Long,EC,N/A,N/A,N/A,N/A,1,N/A,N/A,N/A,N/A,N/A,N/A,N/A,N/A,N/A,N/A,N/A,N/A,N/A,N/A,N/A,N,N,Y,256336
NPORT-P,iSHARES TRUST,2024-11-26,"Wolfspeed, Inc.",549300OGU88P3AW3TO93,"Wolfspeed, Inc.",977852102,N/A,977852102,20134.00000000,NS,USD,195299.80000000,0.019018228083,Long,EC,N/A,N/A,N/A,N/A,1,N/A,N/A,N/A,N/A,N/A,N/A,N/A,N/A,N/A,N/A,N/A,N/A,N/A,N/A,N/A,N,N,Y,19736
NPORT-P,iSHARES TRUST,2024-11-26,"Wolfspeed, Inc.",549300OGU88P3AW3TO93,"Wolfspeed, Inc.",977852102,N/A,977852102,138890.00000000,NS,USD,1347233.00000000,0.002178944530,Long,EC,N/A,N/A,N/A,N/A,1,N/A,N/A,N/A,N/A,N/A,N/A,N/A,N/A,N/A,N/A,N/A,N/A,N/A,N/A,N/A,N,N,Y,137310
NPORT-P,iSHARES TRUST,2024-11-27,Wolfspeed Inc,549300OGU88P3AW3TO93,Wolfspeed Inc,977852102,N/A,N/A,188536.00000000,NS,USD,1828799.20000000,0.013442418042,Long,EC,N/A,N/A,N/A,N/A,1,N/A,N/A,N/A,N/A,N/A,N/A,N/A,N/A,N/A,N/A,N/A,N/A,N/A,N/A,N/A,N,N,Y,29426
NPORT-P,iSHARES TRUST,2024-11-27,Wolfspeed Inc,549300OGU88P3AW3TO93,Wolfspeed Inc,977852102,N/A,N/A,7999361.00000000,NS,USD,77593801.70000000,0.090093594110,Long,EC,N/A,N/A,N/A,N/A,1,N/A,N/A,N/A,N/A,N/A,N/A,N/A,N/A,N/A,N/A,N/A,N/A,N/A,N/A,N/A,N,N,Y,3589068
NPORT-P,iSHARES TRUST,2024-11-27,Wolfspeed Inc,549300OGU88P3AW3TO93,Wolfspeed Inc,977852102,N/A,N/A,32816.00000000,NS,USD,318315.20000000,0.002128791474,Long,EC,N/A,N/A,N/A,N/A,1,N/A,N/A,N/A,N/A,N/A,N/A,N/A,N/A,N/A,N/A,N/A,N/A,N/A,N/A,N/A,N,N,Y,32487
NPORT-P,iSHARES TRUST,2024-11-27,Wolfspeed Inc,549300OGU88P3AW3TO93,Wolfspeed Inc,977852102,N/A,N/A,711503.00000000,NS,USD,6901579.10000000,0.095975314430,Long,EC,N/A,N/A,N/A,N/A,1,N/A,N/A,N/A,N/A,N/A,N/A,N/A,N/A,N/A,N/A,N/A,N/A,N/A,N/A,N/A,N,N,Y,26594
